imdb_title_id,title,original_title,year,date_published,genre,duration,country,language,director,writer,production_company,actors,description,avg_vote,votes,budget,usa_gross_income,worlwide_gross_income,metascore,reviews_from_users,reviews_from_critics
tt0000009,Miss Jerry,Miss Jerry,1894,1894-10-09,Romance,45,USA,None,Alexander Black,Alexander Black,Alexander Black Photoplays,"Blanche Bayliss, William Courtenay, Chauncey Depew",The adventures of a female reporter in the 1890s.,5.9,154,,,,,1.0,2.0
tt0000574,The Story of the Kelly Gang,The Story of the Kelly Gang,1906,1906-12-26,"Biography, Crime, Drama",70,Australia,None,Charles Tait,Charles Tait,J. and N. Tait,"Elizabeth Tait, John Tait, Norman Campbell, Bella Cola, Will Coyne, Sam Crewes, Jack Ennis, John Forde, Vera Linden, Mr. Marshall, Mr. McKenzie, Frank Mills, Ollie Wilson",True story of notorious Australian outlaw Ned Kelly (1855-80).,6.1,589,$ 2250,,,,7.0,7.0
tt0001892,Den sorte drøm,Den sorte drøm,1911,1911-08-19,Drama,53,"Germany, Denmark",,Urban Gad,"Urban Gad, Gebhard Schätzler-Perasini",Fotorama,"Asta Nielsen, Valdemar Psilander, Gunnar Helsengreen, Emil Albes, Hugo Flink, Mary Hagen","Two men of high rank are both wooing the beautiful and famous equestrian acrobat Stella. While Stella ignores the jeweler Hirsch, she accepts Count von Waldberg's offer to follow her home, ...",5.8,188,,,,,5.0,2.0
tt0002101,Cleopatra,Cleopatra,1912,1912-11-13,"Drama, History",100,USA,English,Charles L. Gaskill,Victorien Sardou,Helen Gardner Picture Players,"Helen Gardner, Pearl Sindelar, Miss Fielding, Miss Robson, Helene Costello, Charles Sindelar, Mr. Howard, James R. Waite, Mr. Osborne, Harry Knowles, Mr. Paul, Mr. Brady, Mr. Corker",The fabled queen of Egypt's affair with Roman general Marc Antony is ultimately disastrous for both of them.,5.2,446,$ 45000,,,,25.0,3.0
tt0002130,L'Inferno,L'Inferno,1911,1911-03-06,"Adventure, Drama, Fantasy",68,Italy,Italian,"Francesco Bertolini, Adolfo Padovan",Dante Alighieri,Milano Film,"Salvatore Papa, Arturo Pirovano, Giuseppe de Liguoro, Pier Delle Vigne, Augusto Milla, Attilio Motta, Emilise Beretta",Loosely adapted from Dante's Divine Comedy and inspired by the illustrations of Gustav Doré the original silent film has been restored and has a new score by Tangerine Dream.,7.0,2237,,,,,31.0,14.0
tt0002199,"From the Manger to the Cross; or, Jesus of Nazareth","From the Manger to the Cross; or, Jesus of Nazareth",1912,1913,"Biography, Drama",60,USA,English,Sidney Olcott,Gene Gauntier,Kalem Company,"R. Henderson Bland, Percy Dyer, Gene Gauntier, Alice Hollister, Samuel Morgan, James D. Ainsley, Robert G. Vignola, George Kellog, J.P. McGowan","An account of the life of Jesus Christ, based on the books of the New Testament: After Jesus' birth is foretold to his parents, he is born in Bethlehem, and is visited by shepherds and wise...",5.7,484,,,,,13.0,5.0
tt0002423,Madame DuBarry,Madame DuBarry,1919,1919-11-26,"Biography, Drama, Romance",85,Germany,German,Ernst Lubitsch,"Norbert Falk, Hanns Kräly",Projektions-AG Union (PAGU),"Pola Negri, Emil Jannings, Harry Liedtke, Eduard von Winterstein, Reinhold Schünzel, Else Berna, Fred Immler, Gustav Czimeg, Karl Platen, Bernhard Goetzke, Magnus Stifter, Paul Biensfeldt, Willy Kaiser-Heyl, Alexander Ekert, Robert Sortsch-Pla","The story of Madame DuBarry, the mistress of Louis XV of France, and her loves in the time of the French revolution.",6.8,753,,,,,12.0,9.0
tt0002445,Quo Vadis?,Quo Vadis?,1913,1913-03-01,"Drama, History",120,Italy,Italian,Enrico Guazzoni,"Henryk Sienkiewicz, Enrico Guazzoni",Società Italiana Cines,"Amleto Novelli, Gustavo Serena, Carlo Cattaneo, Amelia Cattaneo, Lea Giunchi, Bruto Castellani, Augusto Mastripietri, Cesare Moltini, Olga Brandini, Ignazio Lupi, Giovanni Gizzi, Lia Orlandini, Matilde Guillaume, Ida Carloni Talli, Giuseppe Gambardella","An epic Italian film ""Quo Vadis"" influenced many of the later movies.",6.2,273,ITL 45000,,,,7.0,5.0
tt0002452,Independenta Romaniei,Independenta Romaniei,1912,1912-09-01,"History, War",120,Romania,,"Aristide Demetriade, Grigore Brezeanu","Aristide Demetriade, Petre Liciu",Societatea Filmului de Arta Leon Popescu,"Aristide Demetriade, Constanta Demetriade, Constantin Nottara, Pepi Machauer, Aurel Athanasescu, Jeny Metaxa-Doro, Nicolae Soreanu, Vasile Toneanu, Aristita Romanescu, Elvire Popesco, M. Vîrgolici, C. Nedelcovici, Mihail Tancovici-Cosmin, Ion Dumitrescu, Gheorghe Meliseanu",The movie depicts the Romanian War of Independence (1877-1878).,6.7,198,ROL 400000,,,,4.0,1.0
tt0002461,Richard III,Richard III,1912,1912-10-15,Drama,55,"France, USA",English,"André Calmettes, James Keane","James Keane, William Shakespeare",Le Film d'Art,"Robert Gemp, Frederick Warde, Albert Gardner, James Keane, George Moss, Howard Stuart, Virginia Rankin, Violet Stuart, Carey Lee, Carlotta De Felice",Richard of Gloucester uses manipulation and murder to gain the English throne.,5.5,225,$ 30000,,,,8.0,1.0
tt0002646,Atlantis,Atlantis,1913,1913-12-26,Drama,121,Denmark,Danish,August Blom,"Axel Garde, Gerhart Hauptmann",Nordisk Film,"Olaf Fønss, Ida Orloff, Ebba Thomsen, Carl Lauritzen, Frederik Jacobsen, Charles Unthan, Torben Meyer, Svend Bille, Oluf Billesborg, Maja Bjerre-Lind, Cajus Bruun, Michael Curtiz, Marie Dinesen, Vera Esbøll, Lily Frederiksen","After Dr. Friedrich's wife becomes mentally unstable and his research papers are rejected, he leaves the country to respite.",6.6,331,,,,,9.0,9.0
tt0002844,Fantômas - À l'ombre de la guillotine,Fantômas - À l'ombre de la guillotine,1913,1913-05-12,"Crime, Drama",54,France,French,Louis Feuillade,"Marcel Allain, Louis Feuillade",Société des Etablissements L. Gaumont,"René Navarre, Edmund Breon, Georges Melchior, Renée Carl, Jane Faber, André Volbert, Naudier, Maillard, Yvette Andréyor, André Luguet",Inspector Juve is tasked to investigate and capture an infamous criminal Fantomas.,7.0,1944,,,,,9.0,28.0
tt0003014,Il calvario di una madre,Ingeborg Holm,1913,1915-10-18,Drama,96,Sweden,,Victor Sjöström,Nils Krok,Svenska Biografteatern AB,"Hilda Borgström, Aron Lindgren, Erik Lindholm, Georg Grönroos, William Larsson, Richard Lund, Carl Barcklind, Hugo Björne, Bertil Malmstedt",Single mother is separated from her children due to financial struggles.,7.1,948,,,,,16.0,7.0
tt0003037,Juve contre Fantômas,Juve contre Fantômas,1913,1913-09-08,"Crime, Drama",61,France,French,Louis Feuillade,"Marcel Allain, Louis Feuillade",Société des Etablissements L. Gaumont,"René Navarre, Edmund Breon, Georges Melchior, Renée Carl, Yvette Andréyor, Laurent Morléas","In Part Two of Louis Feuillade's 5 1/2-hour epic follows FantÃ'mas, the criminal lord of Paris, master of disguise, the creeping assassin in black, as he is pursued by the equally resourceful Inspector Juve.",7.0,1349,,,,,8.0,23.0
tt0003102,Ma l'amor mio non muore...,Ma l'amor mio non muore...,1914,1914-01-01,Drama,90,Italy,Italian,Mario Caserini,"Emiliano Bonetti, G. Monleone",Film Artistica Gloria,"Lyda Borelli, Mario Bonnard, Gian Paolo Rosmino, Vittorio Rossi Pianelli, Dante Cappelli, Maria Caserini, Camillo De Riso, Emilio Petacci, Antonio Monti, Letizia Quaranta, Felice Metellio, Gentile Miotti","Leslie Swayne, an adventurer, in order to obtain enough money to satisfy the needs of his extravagant life, has been bribed to steal the plans of the fortification from the staff officers ...",6.2,100,,,,,,4.0
tt0003131,Maudite soit la guerre,Maudite soit la guerre,1914,1914-05-01,"Drama, War",50,Belgium,French,Alfred Machin,Alfred Machin,Belge Cinéma Film,"Baert, Suzanne Berni, Fernand Crommelynck, Nadia D'Angely, Henri Goidsen, Albert Hendrickx, Maurice Auzat, Renée Bailly, Georges Etienne, Zizi Festerat, Lucien Mussière, Réginald, Jane Tony","An army pilot is on a visit at the home of another army pilot in the neighboured country. He falls in love with his sister. After the outbreak of a war between the two countries, her ...",6.5,124,,,,,2.0,2.0
tt0003165,Le mort qui tue,Le mort qui tue,1913,1913-11-06,"Crime, Drama, Mystery",90,France,French,Louis Feuillade,"Marcel Allain, Louis Feuillade",Société des Etablissements L. Gaumont,"René Navarre, Edmund Breon, Georges Melchior, André Luguet, Luitz-Morat, Naudier, Armand Dutertre, Renée Carl, Fabienne Fabrèges, Jane Faber, Marie Dorly, Édouard Mathé","After a body disappears from inside the prison, a series of crimes take place, all seemingly by the dead man. With Juve presumed dead, Fandor must investigate alone. Will Fantomas finally be brought to justice?",7.0,1050,,,,,6.0,18.0
tt0003167,Amore di madre,"Home, Sweet Home",1914,1914-05-17,Drama,55,USA,English,D.W. Griffith,"D.W. Griffith, H.E. Aitken",Majestic Motion Picture Company,"Henry B. Walthall, Josephine Crowell, Lillian Gish, Dorothy Gish, Fay Tincher, Mae Marsh, Spottiswoode Aitken, Robert Harron, Miriam Cooper, Mary Alden, Donald Crisp, James Kirkwood, Jack Pickford, Fred Burns, Courtenay Foote","John Howard Payne at his most miserable point in life, writes a song which becomes popular and inspires other people at some point in their lives.",5.8,187,,,,,6.0,
tt0003419,Lo studente di Praga,Der Student von Prag,1913,1913-08-22,"Drama, Fantasy, Horror",85,Germany,"German, English","Paul Wegener, Stellan Rye","Hanns Heinz Ewers, Hanns Heinz Ewers",Deutsche Bioscop GmbH,"Paul Wegener, Grete Berger, Lyda Salmonova, John Gottowt, Lothar Körner, Fritz Weidemann","Balduin, a student of Prague, leaves his roystering companions in the beer garden, when he finds he has reached the end of his resources. He is scarcely seated in a quiet corner when a ...",6.5,1768,,,,,20.0,26.0
tt0003471,Traffic in Souls,Traffic in Souls,1913,1913-11-24,"Crime, Drama",88,USA,English,George Loane Tucker,,Independent Moving Pictures Co. of America (IMP),"Jane Gail, Ethel Grandin, William H. Turner, Matt Moore, William Welsh, Millie Liston, Irene Wallace, William Cavanaugh, Arthur Hunter, Howard Crampton, W.H. Bainbridge, Luray Huntley, William Powers, Jack Poulton, Edward Boring","A woman, with the aid of her police officer sweetheart, endeavors to uncover the prostitution ring that has kidnapped her sister, and the philanthropist who secretly runs it.",6.0,552,$ 5700,,,,14.0,11.0
tt0003489,Gli ultimi giorni di Pompei,Gli ultimi giorni di Pompei,1913,1913-08-24,"Adventure, Drama",88,Italy,Italian,"Mario Caserini, Eleuterio Rodolfi","Edward George Bulwer-Lytton, Mario Caserini",Società Anonima Ambrosio,"Fernanda Negri Pouget, Eugenia Tettoni Fior, Ubaldo Stefani, Antonio Grisanti, Cesare Gani Carini, Vitale Di Stefano, Maria Brioschi, Carlo Campogalliani, Ersilia Scalpellini, Ercole Vaser, Cesare Zocchi",Two love triangles intersect in ancient Pompei.,6.2,474,,,,,13.0,7.0
tt0003637,Assunta Spina,Assunta Spina,1915,1916-05-01,Drama,72,Italy,,"Francesca Bertini, Gustavo Serena","Salvatore Di Giacomo, Francesca Bertini",Caesar Film,"Francesca Bertini, Gustavo Serena, Carlo Benetti, Luciano Albertini, Amelia Cipriani, Antonio Cruichi, Alberto Collo, Alberto Albertini",Assunta Spina is a tragedy set in Naples at the beginning of the twentieth century. Assunta and Michele are in love but others come between them and there is much jealousy. They fight and ...,6.4,378,,,,,7.0,2.0
tt0003643,The Avenging Conscience: or 'Thou Shalt Not Kill',The Avenging Conscience: or 'Thou Shalt Not Kill',1914,1914-08-24,"Crime, Drama, Horror",78,USA,English,D.W. Griffith,"Edgar Allan Poe, D.W. Griffith",Majestic Motion Picture Company,"Henry B. Walthall, Spottiswoode Aitken, Blanche Sweet, George Siegmann, Ralph Lewis, Mae Marsh, Robert Harron, George Beranger","Prevented from dating his sweetheart by his uncle, a young man turns his thoughts to murder.",6.4,1105,,,,,14.0,11.0
tt0003657,The Bargain,The Bargain,1914,1914-12-03,Western,70,USA,English,Reginald Barker,"William H. Clifford, Thomas H. Ince",New York Motion Picture,"William S. Hart, J. Frank Burke, Clara Williams, J. Barney Sherry, Joseph J. Dowling","After the bandit Jim Stokes robs the stage he is wounded fleeing. Recuperating at a ranch, he falls in love with and marries the daughter. Now wishing to go straight he tries to return the ...",6.5,144,,,,,8.0,3.0
tt0003740,Cabiria,Cabiria,1914,1914-04-18,"Adventure, Drama, History",148,Italy,Italian,Giovanni Pastrone,"Gabriele D'Annunzio, Titus Livius",Itala Film,"Carolina Catena, Lidia Quaranta, Gina Marangoni, Dante Testa, Umberto Mozzato, Bartolomeo Pagano, Raffaele di Napoli, Emilio Vardannes, Edoardo Davesnes, Italia Almirante-Manzini, Alex Bernard, Luigi Chellini, Vitale Di Stefano, Enrico Gemelli, Ignazio Lupi","Cabiria is a Roman child when her home is destroyed by a volcano. Sold in Carthage to be sacrificed in a temple, is saved by Fulvio, a Roman spy. But danger lurks, and hatred between Rome and Carthage can only lead to war.",7.1,3073,$ 210000,,,,31.0,26.0
tt0003772,Cinderella,Cinderella,1914,1914-12-28,"Fantasy, Drama",52,USA,English,James Kirkwood,Charles Perrault,Famous Players Film Company,"Mary Pickford, Owen Moore, Isabel Vernon, Georgia Wilson, Lucille Carney, W.N. Cone, Inez Ranous","Though mistreated by her cruel stepmother and stepsisters, Cinderella is able to attend the royal ball through the help of a fairy godmother.",6.0,929,,,,,10.0,3.0
tt0003883,L'enfant de Paris,L'enfant de Paris,1913,1913-09-17,"Crime, Drama",124,France,French,Léonce Perret,Léonce Perret,Société des Etablissements L. Gaumont,"Léonce Perret, Louis Leubas, Maurice Lagrenée, Émile Keppens, Marc Gérard, Henri Duval, Marie Dorly, Suzanne Le Bret, Jeanne Marie-Laurent, Adrien Petit, Suzanne Privat","The young daughter of an army captain missing in action runs away from school and is kidnapped by Parisian lowlifes. When the kidnapper flees to Nice with the child, the kind-hearted employee of one of his accomplices sets off in pursuit.",7.5,303,,,,,7.0,4.0
tt0003930,Fantômas contre Fantômas,Fantômas contre Fantômas,1914,1914-01-10,"Crime, Drama",59,France,French,Louis Feuillade,"Marcel Allain, Louis Feuillade",Société des Etablissements L. Gaumont,"René Navarre, Georges Melchior, Laurent Morléas, Renée Carl, Jane Faber, Yvette Andréyor, Edmund Breon, Naudier","The mystery of the drama is the appearance of the finger-print of a dead artist upon the neck of Princess Sonia Danidoff, whom Fantomas, as Nanteuil, relieves of her pearl necklace, and ...",6.9,1161,,,,,5.0,18.0
tt0003973,A Florida Enchantment,A Florida Enchantment,1914,1916-09-04,Comedy,63,USA,English,Sidney Drew,"Marguerite Bertsch, Archibald Clavering Gunter",Vitagraph Company of America,"Sidney Drew, Edith Storey, Charles Kent, Mrs. Sidney Drew, Ada Gifford, Ethel Lloyd, Lillian Burns, Grace Stevens, Allan Campbell, Cortland Van Deusen, Frank O'Neil","A young woman discovers a seed that can make women act like men and men act like women. She decides to take one, then slips one to her maid and another to her fiancé. The fun begins.",5.8,202,,,,,6.0,3.0
tt0004026,Der Golem,Der Golem,1915,1915-04-08,Horror,60,Germany,German,"Henrik Galeen, Paul Wegener","Henrik Galeen, Paul Wegener",Deutsche Bioscop GmbH,"Paul Wegener, Henrik Galeen, Lyda Salmonova, Rudolf Blümner, Robert A. Dietrich, Carl Ebert, Jakob Tiedtke","In this version of the golem legend, the golem, a clay statue brought to life by Rabbi Loew in 16th century Prague to save the Jews from the ongoing brutal persecution by the city's rulers,...",6.8,1040,,,,,5.0,
tt0004066,Det hemmelighedsfulde X,Det hemmelighedsfulde X,1914,1914-03-23,"Drama, Mystery",84,Denmark,Danish,Benjamin Christensen,"Benjamin Christensen, Laurids Skands",Dansk Biograf Compagni,"Benjamin Christensen, Karen Caspersen, Otto Reinwald, Fritz Lamprecht, Amanda Lund, Hermann Spiro, Bjørn Spiro, Holger Bjerre, Otto Lagoni, Charles Løwaas, Holger Rasmussen, Svend Rindom, Robert Schmidt, Finn Wennerwald","On the brink of war, Lt. van Hauen is summoned to take command of the cruiser, but due to unforeseen events, he is wrongfully convicted as a traitor.",7.0,503,,,,,7.0,4.0
tt0004099,"His Majesty, the Scarecrow of Oz","His Majesty, the Scarecrow of Oz",1914,1914-10-14,"Family, Fantasy, Adventure",59,USA,English,J. Farrell MacDonald,"L. Frank Baum, L. Frank Baum",The Oz Film Manufacturing Company,"Violet MacMillan, Frank Moore, Pierre Couderc, Fred Woodward, Raymond Russell, Arthur Smollet, J. Charles Haydon, Todd Wright, Vivian Reed, Mai Wells, Mildred Harris, Louise Emmons, Jacqueline Lovell","A wicked king has taken over the Emerald City, and wants his daughter, Princess Gloria, to marry the horrid courtier Googly-Goo, though she loves Pon, the Gardener's Boy. The camera now ...",5.2,415,$ 23500,,,,11.0,7.0
tt0004134,Hypocrites,Hypocrites,1915,1915-01-20,Drama,54,USA,English,Lois Weber,Lois Weber,Hobart Bosworth Productions,"Courtenay Foote, Myrtle Stedman, Herbert Standing, Adele Farrington","The parallel stories of a modern preacher and a medieval monk, Gabriel the Ascetic, who is killed by an ignorant mob for making a nude statue representing Truth, which is also represented by a ghostly naked girl who flits throughout the film.",6.6,456,,,,,41.0,9.0
tt0004150,In the Land of the Head Hunters,In the Land of the Head Hunters,1914,1914-12-07,"Drama, History",65,"USA, Canada",English,Edward S. Curtis,Edward S. Curtis,Seattle Film Co.,"Stanley Hunt, Sarah Constance Smith Hunt, Mrs. George Walkus, Paddy 'Malid, Balutsa, Kwagwanu, Francine Hunt, Bob Wilson, Awidi, Alfred Charlie","In 1911, as part of his massive undertaking, famed Northwest photographer Edward S. Curtis travelled to Vancouver Island, British Columbia, to visit the Kwakwaka'wakw. By the next year, ...",5.8,402,,,,,8.0,11.0
tt0004181,Judith of Bethulia,Judith of Bethulia,1914,1914-03-08,Drama,61,USA,English,D.W. Griffith,"Thomas Bailey Aldrich, D.W. Griffith",Biograph Company,"Blanche Sweet, Henry B. Walthall, Mae Marsh, Robert Harron, Kate Bruce, Lillian Gish, J. Jiquel Lanoe, Gertrude Bambrick, Dorothy Gish, Harry Carey","A religious woman seeks to save her people from destruction by seducing and murdering the enemy leader, but her plans get complicated once she falls for him.",6.1,1239,$ 40000,,,,16.0,9.0
tt0004457,The Patchwork Girl of Oz,The Patchwork Girl of Oz,1914,1914-09-28,"Adventure, Family, Fantasy",81,USA,English,J. Farrell MacDonald,"L. Frank Baum, L. Frank Baum",The Oz Film Manufacturing Company,"Violet MacMillan, Frank Moore, Raymond Russell, Leontine Dranet, Bobbie Gould, Marie Wayne, Richard Rosson, Frank Bristol, Fred Woodward, Todd Wright, Bert Glennon, Hal Roach, Dave Anderson, Jessie May Walsh, William Cook","Ojo and Unc Nunkie are out of food, so they decide to journey to the Emerald City where they will never starve. Along the way, they meet Mewel, a waif and stray (mule) who leads them to Dr....",5.5,382,,,,,16.0,5.0
tt0004465,The Perils of Pauline,The Perils of Pauline,1914,1914-03-23,"Action, Adventure, Drama",199,USA,English,"Louis J. Gasnier, Donald MacKenzie","Charles W. Goddard, Basil Dickey",Pathé Frères,"Pearl White, Crane Wilbur, Paul Panzer, Edward José, Francis Carlyle, Clifford Bruce, Donald MacKenzie, Jack Standing, Eleanor Woodruff, Leroy Baker, Louise Du Pre, Oscar Nye, Sam J. Ryan, Louis J. Gasnier, Joe Cuny","Young Pauline is left a lot of money when her wealthy uncle dies. However, her uncle's secretary has been named as her guardian until she marries, at which time she will officially take ...",6.3,939,$ 25000,,,,5.0,8.0
tt0004635,The Squaw Man,The Squaw Man,1914,1914-02-15,"Action, Drama, Romance",74,USA,English,"Oscar Apfel, Cecil B. DeMille","Edwin Milton Royle, Cecil B. DeMille",Jesse L. Lasky Feature Play Company,"Dustin Farnum, Monroe Salisbury, Winifred Kingston, Mrs. A.W. Filson, Haidee Fuller, Red Wing, Foster Knox, Fred Montague, 'Baby' Carmen De Rue, Fernando Gálvez, Eugene De Rue, H.R. Macy, H.L. Swisher, Michael J. Kilpatrick, Sydney Deane",A chivalrous British officer takes the blame for his cousin's embezzlement and journeys to the American West to start a new life on a cattle ranch.,5.7,879,$ 20000,,,,8.0,3.0
tt0004681,La madonnina del porto,Tess of the Storm Country,1914,1914-03-30,Drama,80,USA,English,Edwin S. Porter,"Grace Miller White, B.P. Schulberg",Famous Players Film Company,"Mary Pickford, Harold Lockwood, Olive Carey, David Hartford, Louise Dunlap, William Walters, Richard Garrick, Eugene Walter, Jack Henry, H.R. Macy, H.L. Griffith","A wealthy resident attempts to dispossess squatters who live near his home, which leads to a false accusation of murder.",6.1,178,$ 10000,,,,5.0,3.0
tt0004707,Tillie's Punctured Romance,Tillie's Punctured Romance,1914,1914-12-21,Comedy,82,USA,"None, English","Mack Sennett, Charles Bennett",,Keystone Film Company,"Marie Dressler, Charles Chaplin, Mabel Normand, Mack Swain, Charles Bennett, Chester Conklin",A con man from the city dupes a wealthy country girl into marriage.,6.3,3250,$ 50000,,,,38.0,18.0
tt0004712,A tolonc,A tolonc,1915,1915-03-20,Drama,67,Hungary,Hungarian,Michael Curtiz,"Jenö Janovics, Ede Tóth",ProJa Filmgyár,"Lili Berky, Victor Varconi, Mari Jászai, Andor Szakács, Gyula Nagy, Marcsa Simon, István Szentgyörgyi, Alajos Mészáros, Kató Berky, Elemér Hetényi, Zoltán Gálosi, Endre Kertész, Fülöp Erdõs, Adorján Nagy, Mihály Fekete","Betty (Lili Berky, Duel For Nothing), a young woman living in the country, is told by her dying father that he is really her uncle and raised her as his own when her mother was sent to ...",6.3,165,,,,,1.0,9.0
tt0004743,Uncle Tom's Cabin,Uncle Tom's Cabin,1914,1914-08-10,Drama,54,USA,,William Robert Daly,"Harriet Beecher Stowe, George L. Aiken",World Film,"Sam Lucas, Walter Hitchcock, Hattie Delaro, Master Abernathy, Teresa Michelena, Irving Cummings, Paul Scardon, Marie Eline, Garfield Thompson, Roy Applegate, Boots Wall",A black and white silent film based on Harriet Beecher Stowe's novel documenting the life and times of Uncle Tom.,5.3,112,,,,,4.0,
tt0004766,The Virginian,The Virginian,1914,1914-09-07,Western,55,USA,English,Cecil B. DeMille,"Owen Wister, Kirk La Shelle",Jesse L. Lasky Feature Play Company,"Dustin Farnum, Jack W. Johnston, Sydney Deane, William Elmer, Winifred Kingston, James Griswold, Horace B. Carpenter, Tex Driscoll","A good-natured but chivalrous cowboy romances the local schoolmarm and leads the posse that brings a gang of rustlers, which includes his best friend, to justice.",5.6,174,$ 17022,,,,12.0,
tt0004825,The Wishing Ring: An Idyll of Old England,The Wishing Ring: An Idyll of Old England,1914,1914-11-09,"Comedy, Drama",54,USA,English,Maurice Tourneur,"Owen Davis, Maurice Tourneur",Shubert Film Corporation,"Vivian Martin, Alec B. Francis, Chester Barnett, Gyp Williams, Simeon Wiltsie, Walter Morton, Johnny Hines","After being expelled from college, Giles runs away from home and meets a young lady who he falls for.",6.4,242,,,,,6.0,2.0
tt0004838,The Wrath of the Gods,The Wrath of the Gods,1914,1914-06-08,"Drama, Romance",56,USA,English,Reginald Barker,"William H. Clifford, Thomas H. Ince",New York Motion Picture,"Sessue Hayakawa, Tsuru Aoki, Frank Borzage, Kisaburô Kurihara, Henry Kotani, Gladys Brockwell, Herschel Mayall",An American sailor falls in love with a fisherman's daughter and convinces her that Jesus is more powerful than the gods who have cursed her.,5.7,138,,,,,5.0,2.0
tt0004872,Alias Jimmy Valentine,Alias Jimmy Valentine,1915,1915-02-22,"Crime, Drama",65,USA,English,Maurice Tourneur,"Paul Armstrong, O. Henry",Peerless Productions,"Robert Warwick, Robert Cummings, Alec B. Francis, Frederick Truesdell, Ruth Shepley, Johnny Hines, D.J. Flanagan, Walter Craven, John Boone, George Cummings, Thomas Mott Osborne","After robbing a bank, a criminal is wrongfully pardoned from prison.",6.6,206,,,,,4.0,3.0
tt0004873,Alice in Wonderland,Alice in Wonderland,1915,1915-01-19,"Adventure, Family, Fantasy",52,USA,English,W.W. Young,"Lewis Carroll, W.W. Young",Nonpareil Feature Film Corp.,"Viola Savoy, Herbert Rice, Harry Marks, Louis Merkle, William Tilden",Alice goes with her sister to a picnic and then she falls asleep and starts dreaming about a wonderland full of talking animals and walking playing cards.,6.2,394,$ 50000,,,,11.0,8.0
tt0004972,Nascita di una nazione,The Birth of a Nation,1915,1915-03-21,"Drama, History, War",195,USA,None,D.W. Griffith,"Thomas Dixon Jr., Thomas Dixon Jr.",David W. Griffith Corp.,"Henry B. Walthall, Lillian Gish, Mae Marsh, Miriam Cooper, Mary Alden, Ralph Lewis, George Siegmann, Walter Long, Robert Harron, Wallace Reid, Joseph Henabery, Elmer Clifton, Josephine Crowell, Spottiswoode Aitken, George Beranger","The Stoneman family finds its friendship with the Camerons affected by the Civil War, both fighting in opposite armies. The development of the war in their lives plays through to Lincoln's assassination and the birth of the Ku Klux Klan.",6.3,22213,$ 100000,,,,368.0,97.0
tt0005060,Carmen,Carmen,1915,1915-10-31,Drama,59,USA,English,Cecil B. DeMille,"Prosper Mérimée, William C. de Mille",Jesse L. Lasky Feature Play Company,"Geraldine Farrar, Wallace Reid, Pedro de Cordoba, Horace B. Carpenter, William Elmer, Jeanie Macpherson, Anita King, Milton Brown, Tex Driscoll","In order to help her smuggler kinsmen, a sultry gypsy seduces and corrupts an officer of the Civil Guard turning him into a traitor and murderer.",6.4,894,$ 23430,,,,20.0,8.0
tt0005078,The Cheat,The Cheat,1915,1915-12-13,"Drama, Romance",59,USA,English,Cecil B. DeMille,"Hector Turnbull, Jeanie Macpherson",Jesse L. Lasky Feature Play Company,"Fannie Ward, Sessue Hayakawa, Jack Dean, James Neill, Yutaka Abe, Dana Ong, Hazel Childers, Arthur H. Williams","A venal, spoiled stockbroker's wife impulsively embezzles $10,000 from the charity she chairs and desperately turns to a Burmese ivory trader to replace the stolen money.",6.6,2305,$ 17311,,,,38.0,19.0
tt0005149,The Coward,The Coward,1915,1915-11-14,"Drama, History, War",77,USA,English,"Reginald Barker, Thomas H. Ince","Thomas H. Ince, Thomas H. Ince",Kay-Bee Pictures,"Frank Keenan, Charles Ray, Gertrude Claire, Patricia Palmer, Nick Cogley, Charles K. French, Minnie Devereaux","Colonel Winslow, veteran of the Mexican War, hopes for a great future for his only son, Frank. At the outbreak of the Civil War, a recruiting station is opened in the Virginia village where...",6.0,244,$ 18000,,,,15.0,3.0
tt0005339,La vampira,A Fool There Was,1915,1915-01-12,Drama,67,USA,English,Frank Powell,"Porter Emerson Browne, Roy L. McCardell",Fox Film Corporation,"Runa Hodges, Mabel Frenyear, Edward José, May Allison, Clifford Bruce, Theda Bara, Victor Benoit, Frank Powell, Minna Gale, Creighton Hale",A married diplomat falls hopelessly under the spell of a predatory woman.,5.8,783,,,,,20.0,14.0
tt0005402,The Golden Chance,The Golden Chance,1915,1915-12-30,Drama,74,USA,English,Cecil B. DeMille,"Cecil B. DeMille, Jeanie Macpherson",Jesse L. Lasky Feature Play Company,"Cleo Ridgely, Wallace Reid, Horace B. Carpenter, Ernest Joy, Edythe Chapman, Raymond Hatton, William Elmer, Mrs. Lewis McCord",Mary Denby becomes a seamstress after her husband Steve wastes their money on booze. Her employer provides her as an escort to accompany millionaire Roger Manning. Her husband tries ...,6.4,187,$ 18711,,,,10.0,1.0
tt0005529,Hævnens Nat,Hævnens Nat,1916,1916-09-25,"Crime, Drama, Horror",100,Denmark,,Benjamin Christensen,Benjamin Christensen,Dansk Biograf Compagni,"Benjamin Christensen, Karen Caspersen, Peter Fjelstrup, Charles Wilken, Ulla Johansen, Jon Iversen, Aage Schmidt, Mathilde Nielsen, Carl Gottschalksen, Grethe Brandes, Elith Pio, Fritz Lamprecht, Osvald Helmuth, Otto Reinwald, Jørgen Lund","A criminal escapes from prison, however a betrayal leads to his second arrest.",6.8,268,,,,,7.0,2.0
tt0005557,The Italian,The Italian,1915,1915-01-01,Drama,72,USA,English,Reginald Barker,"Thomas H. Ince, C. Gardner Sullivan",New York Motion Picture,"George Beban, Clara Williams, J. Frank Burke, Leo Willis, Fanny Midgley",An immigrant leaves his sweetheart in Italy to find a better life across the sea in the grimy slums of New York. They are eventually reunited and marry. But life in New York is hard and ...,6.6,293,,,,,13.0,3.0
tt0005680,Maciste,Maciste,1915,1915,Adventure,67,Italy,Italian,"Luigi Romano Borgnetto, Vincenzo Denizot","Agnes Fletcher Bain, Giovanni Pastrone",Itala Film,"Bartolomeo Pagano, Leone Papa, Clementina Gay, Amelia Chellini, Didaco Chellini, Ada Marangoni","A young girl, pursued by a band of conspirators, hides in a movie theatre where she watches the film Cabiria. She determines to seek the aid of that film's strongman, Maciste. When she ...",5.9,130,,,,,3.0,5.0
tt0005719,Martyrs of the Alamo,Martyrs of the Alamo,1915,1915-11-21,"Drama, History, War",71,USA,English,Christy Cabanne,"Christy Cabanne, Theodosia Harris",Fine Arts Film Company,"Sam De Grasse, Allan Sears, Walter Long, Alfred Paget, Fred Burns, John T. Dillon, Juanita Hansen, Ora Carew, Tom Wilson, Augustus Carney",The story of the defense of the mission-turned-fortress by 185 Texans against an overwhelming Mexican army in 1836.,5.6,138,,,,,5.0,1.0
tt0005809,The Nigger,The Nigger,1915,1915-03-29,Drama,50,USA,English,Edgar Lewis,"Edgar Lewis, Edward Sheldon",Fox Film Corporation,"William Farnum, Claire Whitney, George De Carlton, Henry Armetta","Philip Morrow grows to manhood in the belief that the blood in his veins is the most aristocratic in the South. ""Clif"" Noyes, a distiller of whiskey of the fiery brand manufactured for ...",6.1,300,,,,,,
tt0005916,Posle smerti,Posle smerti,1915,1915-12-29,Drama,46,Russia,Russian,Yevgeny Bauer,"Yevgeny Bauer, Ivan Turgenev",Khanzhonkov,"Vitold Polonsky, Olga Rakhmanova, Vera Karalli, Mariya Khalatova, Tamara Gedevanova, Marfa Kassatskaya, Georg Asagaroff","Andrei lives a secluded life with his aunt, studying and thinking about his now-deceased mother. His friend Tsenin is concerned, and tries to get Andrei to accompany him to social events. ...",6.9,794,,,,,11.0,6.0
tt0005951,Rapsodia satanica,Rapsodia satanica,1917,1917-07-01,"Drama, Fantasy, Horror",55,Italy,,Nino Oxilia,"Alberto Fassini, Alberto Fassini",Società Italiana Cines,"Lyda Borelli, Andrea Habay, Ugo Bazzini, Giovanni Cini","A Faustian tale about an old woman who makes a pact with Mephisto to regain her youth, in return she must stay away from love. After the deal she meets two brothers who fall in love with her.",6.9,597,,,,,5.0,5.0
tt0005960,La rigenerazione,The Regeneration,1915,1915-09-13,"Biography, Crime, Drama",72,USA,English,Raoul Walsh,"Owen Frawley Kildare, Raoul Walsh",Fox Film Corporation,"John McCann, James A. Marcus, Maggie Weston, Harry McCoy, Rockliffe Fellowes, William Sheer, Carl Harbaugh, Anna Q. Nilsson",A boy surrounded by violence grows up to become an infamous gangster.,6.8,1110,,,,,17.0,15.0
tt0006206,I vampiri,Les vampires,1915,1915-11-13,"Action, Adventure, Crime",421,France,French,Louis Feuillade,Louis Feuillade,Société des Etablissements L. Gaumont,"Musidora, Édouard Mathé, Marcel Lévesque, Jean Aymé, Fernand Herrmann, Stacia Napierkowska, Renée Carl, Suzanne Delvé, Georgette Faraboni, Jacques Feyder, Fridolin, Rita Herlor, Émile Keppens, Louise Lagrange, Suzanne Le Bret",An intrepid reporter and his loyal friend battle a bizarre secret society of criminals known as The Vampires.,7.3,4166,,,,,25.0,53.0
tt0006327,Young Romance,Young Romance,1915,1915-01-21,Comedy,59,USA,English,George Melford,"William C. de Mille, William C. de Mille",Jesse L. Lasky Feature Play Company,"Edith Taliaferro, Florence Dagmar, Tom Forman, Frederick Wilson, Al Ernest Garcia, Marshall Mackaye, Harry De Vere, J. Parks Jones, Violet Drew, Mrs. Lewis McCord, Gertrude Kellar, Charles Wells, Dorothy Abril, Miss White, Raymond Hatton","Young Romance, released in 1915, is a recent rediscovery that forever silences the claim that refined comedy cannot be conveyed via the screen. This disguise plot, worthy of an Elizabethan ...",5.9,151,,,,,7.0,1.0
tt0006333,"20,000 Leagues Under the Sea","20,000 Leagues Under the Sea",1916,1916-12-24,"Action, Adventure, Sci-Fi",105,USA,English,Stuart Paton,Jules Verne,Williamson Submarine Film Corporation,"Dan Hanlon, Edna Pendleton, Curtis Benton, Allen Holubar, Matt Moore, Jane Gail, Howard Crampton, William Welsh, Lois Alexander, Wallis Clark",A French professor and his daughter accompany Captain Nemo on an adventure aboard a submarine.,6.2,1501,$ 200000,,,,28.0,24.0
tt0006509,The Children in the House,The Children in the House,1916,1916-04-30,Drama,50,USA,English,"Chester M. Franklin, Sidney Franklin",Roy Somerville,Fine Arts Film Company,"Norma Talmadge, Alice Wilson, Jewel Carmen, William Hinckley, W.E. Lawrence, George C. Pearce, Eugene Pallette, Walter Long, Alva D. Blake, Georgie Stone, Violet Radcliffe, 'Baby' Carmen De Rue, Francis Carpenter, Ninon Fovieri",Roy Somerville has turned out a rather interesting story that will hold the interest of the majority of audiences as produced by the Triangle-Fine Arts Company. It is a five-reel feature ...,4.5,559,,,,,5.0,
tt0006517,Civilization,Civilization,1915,1916-06-02,Drama,85,USA,English,"Reginald Barker, Thomas H. Ince",C. Gardner Sullivan,Thomas H. Ince Corporation,"Howard Hickman, Enid Markey, Lola May, Kate Bruce, J. Frank Burke, Claire Du Brey, George Fisher, Charles K. French, Thomas H. Ince, Herschel Mayall, Fanny Midgley, J. Barney Sherry, Jerome Storm, Ethel Ullman, Woodrow Wilson",Christ takes on the form of a pacifist count to end a senseless war.,6.0,283,,,,,8.0,6.0
tt0006589,The Devil's Needle,The Devil's Needle,1916,1916-08-13,Drama,59,USA,English,Chester Withey,"Roy Somerville, Chester Withey",Fine Arts Film Company,"Tully Marshall, Norma Talmadge, Marguerite Marsh, F.A. Turner, Howard Gaye, John E. Brennan, Paul Le Blanc","Wynne Mortimer, a pampered society girl and daughter of William Mortimer, a prominent business man, chances to meet David White, a young artist whose fame is already assured, at an art ...",6.8,123,,,,,4.0,11.0
tt0006617,Dödskyssen,Dödskyssen,1916,1916-08-25,"Comedy, Crime, Drama",60,Sweden,,Victor Sjöström,"A.V. Samsjö, Sam Ask",Svenska Biografteatern AB,"Victor Sjöström, Albin Lavén, Mathias Taube, Wanda Rothgardt, Jenny Tschernichin-Larsson",Dr Monro is found dead in his home. Three people are testifying before the police about what happened.,6.1,199,,,,,,1.0
tt0006688,Flirting with Fate,Flirting with Fate,1916,1916-07-09,"Adventure, Comedy",57,USA,English,Christy Cabanne,Robert M. Baker,Fine Arts Film Company,"Douglas Fairbanks, Jewel Carmen, Howard Gaye, W.E. Lawrence, George Beranger, Dorothy Haydel, Lillian Langdon, Wilbur Higby, J.P. McCarty","In the midst of an emotional depression, a man hires a murderer to kill him. But the despair soon passes, and the man must now escape the killer he's hired to end his life.",6.4,143,,,,,6.0,3.0
tt0006731,Going Straight,Going Straight,1916,1916-06-04,"Crime, Drama",60,USA,English,"Chester M. Franklin, Sidney Franklin",Bernard McConville,Fine Arts Film Company,"Norma Talmadge, Ralph Lewis, Ninon Fovieri, Francis Carpenter, Fern Collier, Ruth Handforth, Eugene Pallette, Georgie Stone, Kate Toncray, 'Baby' Carmen De Rue, Violet Radcliffe","A man and his wife both have criminal pasts, but have quit crime and are now respectable citizens. One day a member of their old gang shows up and threatens to expose them if they don't ...",5.3,609,,,,,7.0,
tt0006736,The Good Bad-Man,The Good Bad-Man,1916,1916-04-21,"Romance, Western",50,USA,English,Allan Dwan,Douglas Fairbanks,Fine Arts Film Company,"Douglas Fairbanks, Sam De Grasse, Pomeroy Cannon, Joseph Singleton, Bessie Love, Mary Alden, George Beranger, Fred Burns","An outlaw calling himself Passin' Through halts his ""evil"" ways long enough to help out some children in difficulty.",6.6,166,,,,,5.0,2.0
tt0006745,Gretchen the Greenhorn,Gretchen the Greenhorn,1916,1916-09-03,"Crime, Drama, Romance",58,USA,English,"Chester M. Franklin, Sidney Franklin",Bernard McConville,Fine Arts Film Company,"Dorothy Gish, Ralph Lewis, Eugene Pallette, Elmo Lincoln, Frank Bennett, Georgie Stone, Kate Bruce",A kindly Dutch immigrant and her bumbling father are blackmailed by a gang of counterfeiters.,5.7,479,,,,,7.0,1.0
tt0006753,The Half-Breed,The Half-Breed,1916,1916-07-30,Western,73,USA,English,Allan Dwan,"Bret Harte, Anita Loos",Fine Arts Film Company,"Douglas Fairbanks, Alma Rubens, Sam De Grasse, Tom Wilson, Frank Brownlee, Jewel Carmen, George Beranger",An outcast named Lo Dorman encounters a young woman lost in the woods. He defends her from danger in the forest and from Sheriff Dunn.,6.6,147,,,,,9.0,6.0
tt0006780,Hell's Hinges,Hell's Hinges,1916,1916-03-05,"Romance, Western",64,USA,English,"Charles Swickard, William S. Hart","C. Gardner Sullivan, C. Gardner Sullivan",Kay-Bee Pictures,"William S. Hart, Clara Williams, Jack Standing, Alfred Hollingsworth, Robert McKim, J. Frank Burke, Louise Glaum","In the wayward western town known as Hell's Hinges, a local tough guy is reformed by the faith of a good woman.",6.8,836,,,,,21.0,11.0
tt0006809,His Picture in the Papers,His Picture in the Papers,1916,1916-02-13,Comedy,62,USA,English,John Emerson,"John Emerson, Anita Loos",Fine Arts Film Company,"Douglas Fairbanks, Clarence Handyside, Rene Boucicault, Jean Temple, Charles Butler, Loretta Blake, Homer Hunt, Helena Rupport","A young man can only get the woman he loves if he becomes famous and manages to get his picture in the newspapers. He determines to let nothing stand in the way of his doing exactly that, ...",5.9,127,$ 42600,,,,8.0,4.0
tt0006826,Hoodoo Ann,Hoodoo Ann,1916,1916-03-26,"Comedy, Drama, Romance",65,USA,English,Lloyd Ingraham,D.W. Griffith,Fine Arts Film Company,"Mae Marsh, Robert Harron, William H. Brown, Wilbur Higby, Loyola O'Connor, Mildred Harris, Pearl Elmore, Anna Dodge, Charles Lee, Elmo Lincoln, Robert Lawler, Carl Stockdale","A little orphan girl believes that her life is falling apart. It seems that everything that could possibly go wrong does go wrong. However, certain things happen that begin to make her ...",5.6,837,,,,,12.0,
tt0006864,Intolerance,Intolerance: Love's Struggle Throughout the Ages,1916,1918-02-24,"Drama, History",163,USA,English,D.W. Griffith,"D.W. Griffith, Anita Loos",Triangle Film Corporation,"Lillian Gish, Mae Marsh, Robert Harron, F.A. Turner, Sam De Grasse, Vera Lewis, Mary Alden, Eleanor Washington, Pearl Elmore, Lucille Browne, Julia Mackley, Miriam Cooper, Walter Long, Tom Wilson, Ralph Lewis","The story of a poor young woman, separated by prejudice from her husband and baby, is interwoven with tales of intolerance from throughout history.",7.8,13875,$ 385907,,,99.0,111.0,77.0
tt0006886,Judex,Judex,1916,1917-01-19,"Adventure, Crime",300,France,French,Louis Feuillade,"Arthur Bernède, Louis Feuillade",Société des Etablissements L. Gaumont,"René Cresté, Musidora, René Poyen, Édouard Mathé, Gaston Michel, Yvonne Dario, Yvette Andréyor, Juliette Clarens, Jean Devalde, Georges Flateau, Louis Leubas, Marcel Lévesque, Olinda Mano",A twelve part serial following the adventures of the masked vigilante Judex as he fights against criminals led by the corrupt banker Favrauxom.,7.4,867,,,,,11.0,15.0
tt0007047,The Matrimaniac,The Matrimaniac,1916,1916-12-16,"Comedy, Romance",46,USA,English,Paul Powell,"Octavus Roy Cohen, John Emerson",Fine Arts Film Company,"Douglas Fairbanks, Constance Talmadge, Wilbur Higby, Fred Warren, Clyde E. Hopkins, Winifred Westover","A young couple attempts to elope, with the bride's irate father in hot pursuit. The train stops briefly and the young man dashes off to find a minister, but before he can get himself and ...",6.0,573,,,,,6.0,
tt0007183,Pikovaya dama,Pikovaya dama,1916,1916-04-01,"Drama, Fantasy, Horror",63,Russia,Russian,Yakov Protazanov,"Alexander Pushkin, Fyodor Otsep",,"Tamara Duvan, Ivan Mozzhukhin, Vera Orlova, Nikolai Panov, Polycarpe Pavloff, Yelizaveta Shebueva","While hosting a game of cards one night, Narumov tells his friends a story about his grandmother, a Countess. As a young woman, she had once incurred an enormous gambling debt, which she ...",7.0,610,,,$ 144968,,7.0,5.0
tt0007257,Reggie Mixes In,Reggie Mixes In,1916,1916-06-11,"Action, Comedy, Drama",50,USA,English,Christy Cabanne,"Robert M. Baker, Roy Somerville",Fine Arts Film Company,"Douglas Fairbanks, Bessie Love, Joseph Singleton, William Lowery, Wilbur Higby, Frank Bennett, Allan Sears, Lillian Langdon, Alma Rubens, Alberta Lee, Tom Wilson","Reggie, a wealthy young man about town, is eager for excitement, so he takes to visiting the rougher sections of the city in search of thrills. He meets and falls for a cabaret singer, but ...",4.7,564,,,,,4.0,
tt0007260,The Return of Draw Egan,The Return of Draw Egan,1916,1916-10-15,"Action, Adventure, Romance",50,USA,English,William S. Hart,"C. Gardner Sullivan, C. Gardner Sullivan",Kay-Bee Pictures,"William S. Hart, Margery Wilson, Robert McKim, Louise Glaum, J.P. Lockney","Outlaw leader ""Draw"" Egan, believed dead, turns up in the town of Yellow Dog. The townsfolk believe him to be William Blake, a strong and law-abiding man. They appoint him sheriff to rid ...",6.5,141,,,,,6.0,1.0
tt0007309,Schuhpalast Pinkus,Schuhpalast Pinkus,1916,1916-05-01,Comedy,45,Germany,German,Ernst Lubitsch,"Hanns Kräly, Erich Schönfelder",Projektions-AG Union (PAGU),"Ernst Lubitsch, Else Kentner, Guido Herzfeld, Ossi Oswalda, Hanns Kräly, Fritz Rasp, Erich Schönfelder","Sally Pinkus is an German-Jewish boy who takes a job as a shoe store clerk after being expelled from school for goofing around. Soon fired for trying to court the owner's daughter, Pinkus ...",5.6,183,,,,,2.0,1.0
tt0007338,Sherlock Holmes,Sherlock Holmes,1916,1916-05-15,Mystery,116,USA,English,Arthur Berthelet,"H.S. Sheldon, William Gillette",The Essanay Film Manufacturing Company,"William Gillette, Marjorie Kay, Ernest Maupain, Edward Fielding, Mario Majeroni, Grace Reals, William Postance, Stewart Robbins, Burford Hampden, Chester Beery, Frank Hamilton, Fred Malatesta, Leona Ball, Hugh Thompson, Ludwig Kreiss","When a couple of swindlers hold young Alice Faulkner against her will in order to discover the whereabouts of letters which could spell scandal for the royal family, Sherlock Holmes is on the case.",6.4,313,,,,,10.0,16.0
tt0007340,Shoes,Shoes,1916,1916-06-26,Drama,60,USA,English,Lois Weber,"Stella Wynne Herron, Jane Addams",Universal Film Manufacturing Company,"Mary MacLaren, Harry Griffith, Mattie Witting, Jessie Arnold, William V. Mong","A young working girl must support her family on only five dollars (~ $120 in 2020) a week. The strain of trying to feed, house and clothe her mother, her father and three sisters finally ...",6.8,342,,,,,3.0,7.0
tt0007361,Snow White,Snow White,1916,1916-12-25,"Fantasy, Romance",63,USA,English,J. Searle Dawley,"Winthrop Ames, Winthrop Ames",Famous Players Film Company,"Dorothy Cumming, Creighton Hale, Lionel Braham, Alice Washburn, Marguerite Clark","Snow White is a motherless princess, who arouses the jealousy and hatred of Mary Jane, her mother's former lady-in-waiting, who is the ugliest woman in the kingdom, but aspires to the ...",6.2,349,,,,,13.0,5.0
tt0007367,The Social Secretary,The Social Secretary,1916,1916-09-17,"Comedy, Drama",52,USA,English,John Emerson,"John Emerson, Anita Loos",Fine Arts Film Company,"Norma Talmadge, Kate Lester, Helen Weir, Gladden James, Herbert French, Erich von Stroheim, Nathaniel Sack","To avoid unwanted attention at her next job, a young professional disguises herself, leading to some unintended consequences.",5.3,509,,,,,11.0,2.0
tt0007522,Vingarne,Vingarne,1916,1916-09-04,Drama,69,Sweden,,Mauritz Stiller,"Herman Bang, Axel Esbensen",Svenska Biografteatern AB,"Nils Asther, Lili Beck, Egil Eide, Lars Hanson, Julius Hälsig, Julius Jaenzon, Bertil Junggren, Albin Lavén, Mauritz Stiller","An adaptation of Herman Bang's 1902 novel ""Mikaël."" A sculptor befriends a young painter who becomes his model. Their friendship is thrown into turmoil when they both fall in love with the same woman.",5.8,100,,,,,3.0,
tt0007558,Where Are My Children?,Where Are My Children?,1916,1916-05-01,Drama,62,USA,English,"Phillips Smalley, Lois Weber","Lucy Payton, Franklyn Hall",Lois Weber Productions,"Tyrone Power Sr., Mrs. Tyrone Power, Marie Walcamp, Cora Drew, Rena Rogers, Alva D. Blake, Juan de la Cruz, C. Norman Hammond, William J. Hope, Marjorie Blynn, William Haben",A District Attorney's outspoken stand on abortion gets him in trouble with the local community.,6.3,591,,,,,25.0,7.0
tt0007610,'49-'17,'49-'17,1917,1917-10-15,"Drama, Western",61,USA,English,Ruth Ann Baldwin,"William Wallace Cook, Ruth Ann Baldwin",Universal Film Manufacturing Company,"Joseph W. Girard, Leo Pierson, William Dyer, Mattie Witting, George C. Pearce, Jean Hersholt, Donna Drew",A retired judge comes West to restore a ghost town.,5.9,267,,,,,12.0,2.0
tt0007755,Bucking Broadway,Bucking Broadway,1917,1917-12-24,Western,53,USA,English,John Ford,George Hively,Universal Film Manufacturing Company,"Harry Carey, Molly Malone, L.M. Wells, Vester Pegg, William Steele",A ranch foreman battles a rich stockbroker for the affections of a beautiful young woman.,6.0,468,,,,,9.0,7.0
tt0007801,Cleopatra,Cleopatra,1917,1917-10-14,"Biography, Drama, History",125,USA,English,J. Gordon Edwards,"Adrian Johnson, Émile Moreau",Fox Film Corporation,"Theda Bara, Fritz Leiber, Thurston Hall, Alan Roscoe, Herschel Mayall, Dorothy Drake, Delle Duncan, Henri De Vries, Art Acord, Hector V. Sarno, Genevieve Blinn","The story of Cleopatra, the fabulous queen of Egypt, and the epic romances between her and the greatest men of Rome, Julius Caesar and Antony.",6.5,298,$ 500000,,,,3.0,3.0
tt0007983,Furcht,Furcht,1917,1917-11-12,Horror,72,Germany,,Robert Wiene,Robert Wiene,,"Bruno Decarli, Bernhard Goetzke, Mechthildis Thein, Conrad Veidt","After years travelling the world, Count Greven returns home with the art treasures he has collected. But his disposition has altered dramatically and he is a troubled man. Will he suffer ...",6.1,129,,,,,3.0,
tt0008011,A Girl's Folly,A Girl's Folly,1917,1917-02-26,Comedy,65,USA,,Maurice Tourneur,"Frances Marion, Maurice Tourneur",Paragon Films,"Robert Warwick, Doris Kenyon, June Elvidge, Jane Adair, Chester Barnett, Johnny Hines","A restless young girl yearns to leave her rural environment and ""get away from it all"". One day she stumbles upon a film crew shooting a western near her home. She makes friends with the ...",6.1,135,,,,,8.0,2.0
tt0008100,L'astronave,Himmelskibet,1918,1918-02-22,"Adventure, Fantasy, Sci-Fi",97,Denmark,,Holger-Madsen,"Sophus Michaëlis, Sophus Michaëlis",Nordisk Film,"Gunnar Tolnæs, Zanny Petersen, Nicolai Neiiendam, Alf Blütecher, Svend Kornbeck, Philip Bech, Lilly Jacobson, Frederik Jacobsen, Birger von Cotta-Schønberg, Albert Paul","A group of researchers from Earth travel in a spaceship to Mars, where, to big surprise, they find a peaceful vegetarian and pacifist civilization.",6.5,585,,,,,14.0,13.0
tt0008150,Joan the Woman,Joan the Woman,1916,1916-12-25,"Adventure, Drama, History",138,USA,English,Cecil B. DeMille,"Jeanie Macpherson, William C. de Mille",Paramount Pictures,"Geraldine Farrar, Raymond Hatton, Hobart Bosworth, Theodore Roberts, Wallace Reid, Charles Clary, James Neill, Tully Marshall, Lawrence Peyton, Horace B. Carpenter, Cleo Ridgely, Lillian Leighton, Marjorie Daw, Ernest Joy, John Oaker","A WWI English officer is inspired the night before a dangerous mission by a vision of Joan of Arc, whose story he relives.",6.5,501,$ 302976,,,,17.0,8.0
tt0008188,The Little American,The Little American,1917,1917-07-12,"Drama, Romance, War",80,USA,English,"Cecil B. DeMille, Joseph Levering",Jeanie Macpherson,Mary Pickford Company,"Mary Pickford, Jack Holt, Raymond Hatton, Hobart Bosworth, Walter Long, James Neill, Ben Alexander, Guy Oliver, Edythe Chapman, Lillian Leighton, DeWitt Jennings","A young American has her ship torpedoed by a German U-boat but makes it back to ancestral home in France, where she witnesses German brutality firsthand.",5.9,608,$ 166949,,,,12.0,5.0
tt0008196,The Little Princess,The Little Princess,1917,1917-11-11,Drama,62,USA,English,Marshall Neilan,"Frances Hodgson Burnett, Frances Marion",Mary Pickford Company,"Mary Pickford, Norman Kerry, Katherine Griffith, Anne Schaefer, Zasu Pitts, W.E. Lawrence, Theodore Roberts, Gertrude Short, Gustav von Seyffertitz, Loretta Blake, George A. McDaniel","Little Sara Crewe is placed in a boarding school by her father when he goes off to war, but he does not understand that the headmistress is a cruel, spiteful woman who makes life miserable ...",5.7,638,,,,,4.0,2.0
tt0008279,Desiderata,Mater dolorosa,1917,1917-03-07,Drama,80,France,,Abel Gance,Abel Gance,Films de France,"Emmy Lynn, Firmin Gémier, Armand Tallier, Anthony Gildès, Paul Vermoyal, Gaston Modot, Antonin Carène, Antonin Artaud, Francia Seguy",Sad story of an unfaithful wife and her subsequent sufferings as a mother.,6.4,109,,,,,3.0,1.0
tt0008309,A Modern Musketeer,A Modern Musketeer,1917,1917-12-30,"Adventure, Comedy, Western",68,USA,English,Allan Dwan,"Allan Dwan, E.P. Lyle Jr.",Douglas Fairbanks Pictures,"Douglas Fairbanks, Marjorie Daw, Kathleen Kirkham, Eugene Ormonde, Edythe Chapman, Frank Campeau, Tully Marshall","A restless young man travels west, encountering adventure, romance, and danger.",6.7,257,,,,,11.0,7.0
tt0008395,Otets Sergiy,Otets Sergiy,1918,1919,"Biography, Drama, History",112,Russia,,"Yakov Protazanov, Alexandre Volkoff","Leo Tolstoy, Alexandre Volkoff",Yermoliev,"Ivan Mozzhukhin, Olga Kondorova, V. Dzheneyeva, Vladimir Gajdarov, Nikolai Panov, Nathalie Lissenko, Iona Talanov, Vera Orlova, Pyotr Baksheyev, Polycarpe Pavloff, Nicolas Rimsky","Prince Kasatsky is a just and proud youth, shock and disappointment with the world bring him to church, he becomes father Sergius. It is a story of his piety and temptation.",7.1,458,,,,,6.0,3.0
tt0008443,The Poor Little Rich Girl,The Poor Little Rich Girl,1917,1917-03-05,"Comedy, Drama, Family",65,USA,English,Maurice Tourneur,"Eleanor Gates, Frances Marion",Artcraft Pictures Corporation,"Mary Pickford, Madlaine Traverse, Charles Wellesley, Gladys Fairbanks, Frank McGlynn Sr., Emile La Croix, Marcia Harris, Charles Craig, Frank Andrews, Herbert Prior, George Gernon, Maxine Elliott Hicks",The wealthy but selfish parents of a lonely young girl begin to rethink what is important to them after a servant's irresponsibility results in a crisis.,6.7,1266,,,,,16.0,13.0
tt0008489,"Raffles, the Amateur Cracksman","Raffles, the Amateur Cracksman",1917,1917-12-15,"Adventure, Crime, Romance",70,USA,English,George Irving,"E.W. Hornung, Anthony Paul Kelly",Hyclass Producing Company,"John Barrymore, Christine Mayo, H. Cooper Cliffe, Frank Morgan, Dudley Hill, Kathryn Adams, Evelyn Brent, Mathilde Brundage, Mike Donlin, Frederick Perry, Nita Allen",Gentleman burglar Raffles tries to get his hand on a priceless pearl.,6.4,130,,,,,3.0,3.0
tt0008499,Rebecca of Sunnybrook Farm,Rebecca of Sunnybrook Farm,1917,1917-09-22,"Comedy, Drama",78,USA,English,Marshall Neilan,"Frances Marion, Charlotte Thompson",Mary Pickford Company,"Mary Pickford, Eugene O'Brien, Helen Jerome Eddy, Charles Ogle, Marjorie Daw, Mayme Kelso, Jane Wolfe, Josephine Crowell, Jack McDonald, Violet Wilkey, F.A. Turner, Kate Toncray, Emily Gerdes","With her family in financial difficulties, Rebecca is sent to live with her two strict, unfeeling aunts, who do not appreciate the young girl's charm and energy. Rebecca must make new ...",6.1,770,,,,,9.0,5.0
tt0008519,A Romance of the Redwoods,A Romance of the Redwoods,1917,1917-05-14,"Adventure, Comedy, Drama",91,USA,,Cecil B. DeMille,"Cecil B. DeMille, Jeanie Macpherson",Artcraft Pictures Corporation,"Mary Pickford, Elliott Dexter, Tully Marshall, Raymond Hatton, Charles Ogle, Walter Long, Winter Hall",A young girl travels west to live with her uncle during the California Gold Rush only to find that he has been killed by Indians and his identity assumed by an outlaw.,5.7,727,$ 134832,,,,12.0,4.0
tt0008536,Satana likuyushchiy,Satana likuyushchiy,1917,1917-10-21,Drama,87,Russia,,Yakov Protazanov,Olga Blazhevich,Yermoliev,"Ivan Mozzhukhin, Nathalie Lissenko, Polycarpe Pavloff, Aleksandr Chabrov, Vera Orlova",,6.9,147,,,,,1.0,1.0
tt0008634,Straight Shooting,Straight Shooting,1917,1917-08-27,Western,57,USA,English,John Ford,George Hively,Universal Film Manufacturing Company,"Harry Carey, Duke R. Lee, George Berrell, Molly Malone, Ted Brooks, Hoot Gibson, Milton Brown, Vester Pegg","Cattleman Flint cuts off farmer Sims' water supply. When Sims' son Ted goes for water, one of Flint's men kills him. Cheyenne is sent to finish off Sims, but finding the family at the newly dug grave, he changes sides.",6.2,372,,,,,10.0,17.0
tt0008652,A Tale of Two Cities,A Tale of Two Cities,1917,1917-03-11,"Drama, History, Romance",70,USA,,Frank Lloyd,"Charles Dickens, Frank Lloyd",Fox Film Corporation,"William Farnum, Jewel Carmen, Charles Clary, Herschel Mayall, Rosita Marstini, Josef Swickard, Ralph Lewis, William Clifford, Marc B. Robbins, Olive White, Willard Louis, Harry De Vere, Florence Vidor, James Morrison","Alcoholic lawyer Sydney Carton travels to Paris during the Reign of Terror to rescue French aristocrat Charles Darnay, husband of the woman he loves.",6.0,108,,,,,6.0,1.0
tt0008663,Terje Vigen,Terje Vigen,1917,1917-01-29,"Drama, War",48,Sweden,,Victor Sjöström,Henrik Ibsen,Svenska Biografteatern AB,"Victor Sjöström, August Falck, Edith Erastoff, Bergliot Husberg","Terje Vigen, a sailor, suffers the loss of his family through the cruelty of another man. Years later, when his enemy's family finds itself dependent on Terje's beneficence, Terje must ...",7.4,1508,SEK 60000,,,,12.0,9.0
tt0008672,Thomas Graals bästa film,Thomas Graals bästa film,1917,1917-08-13,Comedy,52,Sweden,,Mauritz Stiller,Gustaf Molander,Svenska Biografteatern AB,"Victor Sjöström, Karin Molander, Albin Lavén, Jenny Tschernichin-Larsson, Axel Nilsson, Adolf Blomstedt, Gustaf Boge, Gucken Cederborg, Emma Dietrichs, Emil Fjellström, Henrik Jaenzon, William Larsson, Thyra Leijman-Uppström, Nils Lundell, Torsten Winge","Thomas Graal's a screenwriter, is very fond of his secretary Bessie. Overtaken by a kiss by Thomas she runs away. In his misfortune Thomas writes a screenplay inspired by Bessie. But she has not been really honest with him .",6.0,189,,,,,4.0,1.0
tt0008679,Tillie Wakes Up,Tillie Wakes Up,1917,1917-01-29,Comedy,48,USA,,Harry Davenport,"Frances Marion, Mark Swan",Peerless Productions,"Marie Dressler, Johnny Hines, Frank Beamish, Rubye De Remer, Ruth Barrett, Jack Brawn","On the third floor of the apartment house at 003 Findlet Avenue lived Mr. and Mrs. Henry Tinkelpaw. The neighbors said it was a shame the way he neglected his poor wife, but Tillie's ...",4.8,481,,,,,4.0,1.0
tt0008687,Tom Sawyer,Tom Sawyer,1917,1917-12-10,"Adventure, Comedy, Drama",59,USA,English,William Desmond Taylor,"Mark Twain, Julia Crawford Ivers",Oliver Morosco Photoplay Company,"Jack Pickford, George Hackathorne, Alice Marvin, Edythe Chapman, Robert Gordon, Antrim Short, Clara Horton, Helen Gilmore, Carl Goetz","Tom Sawyer, a young Missouri lad, finds fun and adventure with his pals Joe Harper and Huckleberry Finn, running away to hide out on Jackson's Island and pretending to be Mississippi River ...",6.1,140,,,,,8.0,2.0
tt0008710,Tösen från Stormyrtorpet,Tösen från Stormyrtorpet,1917,1917-09-10,Drama,87,Sweden,,Victor Sjöström,"Ester Julin, Selma Lagerlöf",Svenska Biografteatern AB,"Greta Almroth, Nils Aréhn, Josua Bengtson, Georg Blomstedt, Thekla Borgh, Gösta Cederlund, Lars Hanson, William Larsson, Karin Molander, Edla Rothgardt, Concordia Selander, Hjalmar Selander, Jenny Tschernichin-Larsson","Helga is a young single lady who has a baby by a much older married man. After the older man tells Helga's father that he refuses to pay child support because he isn't the child's father, ...",6.7,148,,,,,1.0,2.0
tt0008775,Wild and Woolly,Wild and Woolly,1917,1917-06-24,"Comedy, Western, Romance",72,USA,English,John Emerson,"Horace B. Carpenter, Anita Loos",Douglas Fairbanks Pictures,"Douglas Fairbanks, Eileen Percy, Calvert Carter, Charles Stevens, Sam De Grasse","A rich young Easterner who has always wanted to live in ""the Wild West"" plans to move to a Western town. Unknown to him, the town's ""wild"" days are long gone, and it is an orderly, ...",6.4,557,,,,,8.0,3.0
tt0008827,Amarilly of Clothes-Line Alley,Amarilly of Clothes-Line Alley,1918,1918-03-11,"Comedy, Romance",67,USA,English,Marshall Neilan,"Frances Marion, Belle K. Maniates",Mary Pickford Company,"Mary Pickford, William Scott, Kate Price, Ida Waterman, Norman Kerry, Fred Goodwins, Margaret Landis, Tom Wilson","Amarilly comes from a large family in a working-class neighborhood. She is happy with her family and her boyfriend Terry, a bartender in a cafe. But one day she meets Gordon, a sculptor who...",5.8,740,,,,,9.0,5.0
tt0008843,Az aranyember,Az aranyember,1919,1919-01-20,Drama,83,Hungary,,Alexander Korda,"Mór Jókai, Ladislaus Vajda",Corvin Film,"Oscar Beregi Sr., Gábor Rajnay, Ica von Lenkeffy, Margit Makay, Lili Berky, Jenõ Horváth, Mari K. Demjén, Szeréna S. Fáy, Gyula Bartos, Gusztáv Vándory, Gyula Szöreghy, József Kürthy","The adventures of captain Mihály Tímár, who aids a persecuted Turkish Pasha and his daughter in their escape across the Donau. After the Pasha dies, the captain acquires his fortune and ...",5.9,123,,,,,,1.0
tt0008854,Gli occhi della mummia,Die Augen der Mumie Ma,1918,1918-10-03,"Drama, Horror",63,Germany,German,Ernst Lubitsch,"Hanns Kräly, Emil Rameau",Projektions-AG Union (PAGU),"Pola Negri, Emil Jannings, Harry Liedtke, Max Laurence, Margarete Kupfer","A girl is kidnapped and held captive in an ancient Egyptian temple. She is rescued and flees to England, but soon finds that her mysterious captor is still haunting her.",5.5,554,,,,,18.0,15.0
tt0008879,I proscritti,Berg-Ejvind och hans hustru,1918,1919,Drama,136,Sweden,,Victor Sjöström,"Victor Sjöström, Sam Ask",Svenska Biografteatern AB,"Victor Sjöström, Edith Erastoff, John Ekman, Nils Aréhn, Jenny Tschernichin-Larsson, William Larsson, Artur Rolén, Sigurd Wallén, Emil Fjellström, Hildur Carlberg, Edith Wallén, Harald Wehlnor, Thure Holm, Gucken Cederborg, Nils Elffors",A stranger comes to work at widow Halla's farm.,7.3,1518,SEK 100000,,,,12.0,17.0
tt0008891,L'uccello blu,The Blue Bird,1918,1918-03-31,"Family, Fantasy",75,USA,English,Maurice Tourneur,"Maurice Maeterlinck, Charles Maigne",Paramount Pictures,"Tula Belle, Robin Macdougall, Edwin E. Reed, Emma Lowry, William J. Gross, Florence Anderson, Edward Elkas, Katherine Bianchi, Lillian Cook, Gertrude McCoy, Lyn Donelson, Charles Ascot, Tom Corless, Mary Kennedy, Eleanor Masters","Two peasant children, Mytyl and Tyltyl, are led by Berylune, a fairy, to search for the Blue Bird of Happiness. Berylune gives Tyltyl a cap with a diamond setting, and when Tyltyl turns the...",7.0,782,,,,,20.0,10.0
tt0008930,Broadway Love,Broadway Love,1918,1918-01-21,Romance,60,USA,English,Ida May Park,"Ida May Park, W. Carey Wonderly",Universal Film Manufacturing Company,"Dorothy Phillips, Juanita Hansen, William Stowell, Harry von Meter, Lon Chaney, Gladys Tennyson, Eve Southern","A small-town girl goes to New York hoping to become a star on Broadway, but the best she can do are roles as chorus girls. She falls in with a ""fast"" crowd, notably a ""party girl"" named ...",6.0,116,,,,,3.0,1.0
tt0008950,Sangue gitano,Carmen,1918,1918-12-20,Drama,70,Germany,German,Ernst Lubitsch,"Grete Diercks, Norbert Falk",Projektions-AG Union (PAGU),"Pola Negri, Harry Liedtke, Leopold von Ledebur, Grete Diercks, Wilhelm Diegelmann, Heinrich Peer, Margarete Kupfer, Sophie Pagay, Paul Conradi, Max Kronert, Magnus Stifter, Paul Biensfeldt, Victor Janson, Albert Venohr","The tragic story of Don Jose, a Spanish cavalryman, who falls under the spell of a gypsy girl, Carmen, who treats him with both love and contempt and leads him into temptation and thus ...",6.0,267,,,,,8.0,9.0
tt0009014,La decima sinfonia,La dixième symphonie,1918,1918-11-01,Drama,94,France,French,Abel Gance,Abel Gance,Le Film d'Art,"Séverin-Mars, Jean Toulout, Emmy Lynn, André Lefaur, Elizabeth Nizan, Ariane Hugon","Composer Enrid Damor knows nothing of the past life of his new wife Eve Dinant : she lived as a debauchee with an adventurer, Fred Ryce. Fred Ryce meets Damor's daughter, Claire, and tries ...",5.9,134,,,,,4.0,2.0
tt0009062,L'allegra prigione,Das fidele Gefängnis,1917,1917-11-30,Comedy,48,Germany,German,Ernst Lubitsch,Ernst Lubitsch,Projektions-AG Union (PAGU),"Harry Liedtke, Emil Jannings, Paul Biensfeldt, Erich Schönfelder, Käthe Dorsch, Kitty Dewall, Agda Nilsson, Ernst Lubitsch",A neglected wife disguises herself in order to lure her wastrel husband into a compromising position.,6.2,515,,,,,7.0,3.0
tt0009086,The Forbidden City,The Forbidden City,1918,1918-10-06,"Drama, Romance",62,USA,English,Sidney Franklin,"Mary Murillo, George Scarborough",Norma Talmadge Film Corporation,"Norma Talmadge, Thomas Meighan, E. Alyn Warren, Michael Rayle, L. Rogers Lytton, Reid Hamilton, Charles Fang","A Chinese mandarin hopes to regain favor with the Emporer by betrothing her to him, but he doesn't know she's secretly married to the American consul and pregnant.",5.4,281,,,,,9.0,1.0
tt0009150,Cuori del mondo,Hearts of the World,1918,1918-06-01,"Drama, War",117,USA,English,D.W. Griffith,"D.W. Griffith, D.W. Griffith",D.W. Griffith Productions,"Lillian Gish, Robert Harron, Dorothy Gish, Adolph Lestina, Josephine Crowell, Jack Cosgrave, Kate Bruce, Ben Alexander, Marion Emmons, Francis Marion, Robert Anderson, George Fawcett, George Siegmann, Fay Holderness, L. Lowry",Young lovers in a French village are torn apart with the coming of the Great War.,6.4,906,,,,,16.0,12.0
tt0009153,Indemoniato,Hell Bent,1918,1918-07-06,Western,50,USA,,John Ford,"John Ford, Harry Carey",Universal Film Manufacturing Company,"Harry Carey, Duke R. Lee, Neva Gerber, Vester Pegg, Joe Harris, Steve Clemente, Millard K. Wilson, Molly Malone",A cowboy must save his girlfriend from captivity and then cross the desert on foot with a single waterhole on the way.,6.1,112,,,,,2.0,5.0
tt0009241,Johanna Enlists,Johanna Enlists,1918,1918-09-15,"Comedy, Romance",72,USA,English,William Desmond Taylor,"Rupert Hughes, Frances Marion",Pickford Film,"Mary Pickford, Anne Schaefer, Fred Huntley, Monte Blue, Douglas MacLean, Emory Johnson, John Steppling, Wallace Beery, Wesley Barry, June Prentis, Jean Prentis","A young girl, stifling on her father's backwoods farm, is reinvigorated by the arrival of an army regiment, come to train in the area.",5.1,594,,,,,5.0,2.0
tt0009326,M'Liss,M'Liss,1918,1918-05-05,"Comedy, Drama",73,USA,English,Marshall Neilan,"Bret Harte, Frances Marion",Pickford Film,"Mary Pickford, Theodore Roberts, Thomas Meighan, Tully Marshall, Charles Ogle, Monte Blue, Winifred Greenwood, Helen Kelly, Val Paul, William H. Brown, John Burton, Charles A. Post, Guy Oliver","M'liss, a feisty young girl in a mining camp, falls for Charles Gray, the school teacher. Charles is implicated in a murder of which he is innocent, and the two must fight to save him from ...",6.5,119,,,,,9.0,5.0
tt0009356,The Married Virgin,The Married Virgin,1918,1918-12-01,Drama,71,USA,English,Joseph Maxwell,"Hayden Talbot, Hayden Talbot",Maxwell Productions (I),"Vera Sisson, Rudolph Valentino, Frank Newburg, Kathleen Kirkham, Edward Jobson, Lillian Leighton",An already engaged young woman is blackmailed into marrying a count in order to save her father from imprisonment.,5.2,616,,,,,10.0,2.0
tt0009369,Mickey,Mickey,1918,1918-08-01,"Comedy, Drama",93,USA,English,"F. Richard Jones, James Young","Hampton Del Ruth, J.G. Hawks",Mabel Normand Feature Film Company,"Mabel Normand, George Nichols, Laura La Varnie, Lew Cody, Minta Durfee, Wheeler Oakman, Tom Kennedy, Minnie Devereaux","Mickey, an orphan who has been brought up in a mining settlement, is sent to New York to live with her aunt.",5.9,1061,$ 125000,,,,18.0,3.0
tt0009440,Old Wives for New,Old Wives for New,1918,1918-05-19,Drama,60,USA,English,Cecil B. DeMille,"Jeanie Macpherson, David Graham Phillips",Artcraft Pictures Corporation,"Elliott Dexter, Florence Vidor, Sylvia Ashton, Wanda Hawley, Theodore Roberts, Helen Jerome Eddy, Marcia Manon, Julia Faye, J. Parks Jones, Edna Mae Cooper, Gustav von Seyffertitz, Tully Marshall, Lillian Leighton, Mayme Kelso, Alice Terry","Charles Murdock neglects his fat and lazy wife in favor of Juliet Raeburn but, when Juliet's name is involved in murder, he marries Viola and takes her to Paris.",6.4,178,$ 66241,,,,12.0,2.0
tt0009475,A Pair of Silk Stockings,A Pair of Silk Stockings,1918,1918-07-20,"Comedy, Romance",60,USA,English,Walter Edwards,"Cyril Harcourt, Edith M. Kennedy",Select Pictures Corporation,"Constance Talmadge, Harrison Ford, Wanda Hawley, Vera Doria, Florence Carpenter, Thomas Persse, Louis Willoughby, Helen Haskell, Larry Steers, Robert Gordon, Sylvia Ashton",A Pair of Silk Stockings is a 1918 American silent marital comedy film starring Constance Talmadge and Harrison Ford. It was directed by Walter Edwards and produced and distributed by ...,4.4,484,,,,,4.0,
tt0009559,A Romance of Happy Valley,A Romance of Happy Valley,1919,1919-01-26,"Drama, Romance",76,USA,English,D.W. Griffith,D.W. Griffith,D.W. Griffith Productions,"Lillian Gish, Robert Harron, George Fawcett, Kate Bruce, George Nichols, Bertram Grassby, Porter Strong, Adolph Lestina, Lydia Yeamans Titus, Andrew Arbuckle, Frances Sparks","John Logan leaves his parents and sweetheart in bucolic Happy Valley to make his fortune in the city. Those he left behind become miserable and beleaguered in his absence, but after several...",6.1,341,,,,,8.0,1.0
tt0009608,Shifting Sands,Shifting Sands,1918,1918-08-01,Drama,60,USA,English,Albert Parker,Charles T. Dazey,Triangle Film Corporation,"Gloria Swanson, Joe King, Harvey Clark, Leone Carton, Lillian Langdon, Arthur Millett, Myrtle Rishell","Marcia Grey is wrongly convicted on trumped-up evidence of a German. After serving her term, she rebuilds her life and marries well. The German then attempts to blackmail her into helping ...",5.1,697,,,,,8.0,1.0
tt0009611,Charlot soldato,Shoulder Arms,1918,1918-10-27,"Comedy, War",45,USA,"None, English",Charles Chaplin,Charles Chaplin,Charles Chaplin Productions,"Edna Purviance, Charles Chaplin, Syd Chaplin, Loyal Underwood, Henry Bergman, Tom Wilson, Albert Austin, Jack Wilson",Charlie is a boot camp private who has a dream of being a hero who goes on a daring mission behind enemy lines.,7.3,5895,,,,,38.0,21.0
tt0009652,Stella Maris,Stella Maris,1918,1918-01-21,Drama,84,USA,,Marshall Neilan,"William J. Locke, Frances Marion",Pickford Film,"Mary Pickford, Ida Waterman, Herbert Standing, Conway Tearle, Marcia Manon, Josephine Crowell",Two young women - a paraplegic girl sheltered by her wealthy guardians and a more experienced orphan - fall in love with a man separated from his violent wife.,6.7,1360,,,,,19.0,11.0
tt0009682,Tarzan of the Apes,Tarzan of the Apes,1918,1918-01-27,"Action, Adventure",73,USA,None,Scott Sidney,"Edgar Rice Burroughs, Fred Miller",National Film Corporation of America,"Elmo Lincoln, Enid Markey, True Boardman, Kathleen Kirkham, George B. French, Gordon Griffith, Colin Kenny, Thomas Jefferson, Bessie Toner, Jack Wilson, Louis Morrison, Eugene Pallette, Fred L. Wilson","Reared by a childless ape, the orphaned heir of the Greystokes becomes one of the apes. Then, Dr Porter organises a rescue expedition, and his beautiful daughter, Jane, catches his attention. Has Tarzan of the Apes found the perfect mate?",5.7,684,,$ 3270000,,,14.0,21.0
tt0009701,Tih Minh,Tih Minh,1918,1919-02-07,"Adventure, Mystery",418,France,French,Louis Feuillade,Louis Feuillade,Société des Etablissements L. Gaumont,"Mary Harald, René Cresté, Georges Biscot, Édouard Mathé, Louis Leubas, Gaston Michel, Marcel Marquet, Émile André, Georgette Faraboni, Jeanne Rollette, Lugane, Adeline de La Croix, Manuel Caméré","Jacques d'Athys, a French adventurer, returns to his home in Nice after an expedition to Indochina where he has picked up a Eurasian fiancée and a book that, unbeknownst to him, contains a ...",7.0,309,,,,,1.0,7.0
tt0009737,The Unbeliever,The Unbeliever,1918,1918-02-11,"Drama, War",80,USA,English,Alan Crosland,Mary Raymond Shipman Andrews,Perfection Pictures,"Marguerite Courtot, Raymond McKee, Erich von Stroheim, Kate Lester, Frank DeVernon, Mortimer Martine, Blanche Davenport, Harold Hollacher, Darwin Karr, Earl Schenck, Gertrude Norman, Lew Hart, Thomas Holcomb, J.F. Rorke, Moss Gill","A wealthy young American, bred to class distinction and racial intolerance, enters the Marines during the First World War. In the course of his training and his experiences in the trenches ...",5.9,109,,,,,5.0,1.0
tt0009796,The Whispering Chorus,The Whispering Chorus,1918,1918-03-28,Drama,86,USA,English,Cecil B. DeMille,"Jeanie Macpherson, Perley Poore Sheehan",Famous Players-Lasky Corporation,"Raymond Hatton, Kathlyn Williams, Edythe Chapman, Elliott Dexter, Noah Beery, Guy Oliver, John Burton, Tully Marshall, William H. Brown, James Neill, Gustav von Seyffertitz, Walter Lynch, Edna Mae Cooper","John Trimble has embezzled and obtains another identity by having a mutilated body buried in his place. He is later arrested for murdering himself. During the trial his mother, before dying...",6.8,262,$ 72500,,,,14.0,5.0
tt0009878,Anders als die Andern,Anders als die Andern,1919,1919-05-28,"Crime, Drama, History",50,Germany,"English, German",Richard Oswald,"Magnus Hirschfeld, Richard Oswald",Richard-Oswald-Produktion,"Conrad Veidt, Leo Connard, Ilse von Tasso-Lind, Alexandra Willegh, Ernst Pittschau, Fritz Schulz, Wilhelm Diegelmann, Clementine Plessner, Anita Berber, Reinhold Schünzel, Helga Molander, Magnus Hirschfeld, Karl Giese","Two male musicians fall in love, but blackmail and scandal makes the affair take a tragic turn.",7.0,1122,,,,,16.0,16.0
tt0009892,Ravished Armenia,Ravished Armenia,1919,1919-01-19,"Drama, History, Romance",80,USA,,Oscar Apfel,"Aurora Mardiganian, Henry Leyford Gates",First National Pictures,"Aurora Mardiganian, Irving Cummings, Anna Q. Nilsson, Henry Morgenthau, Lillian West, Eugenie Besserer, Frank Clark, Howard Davies, Hector Dion, Miles McCarthy","Aurora Mardiganian, a young and beautiful Armenian girl, lives with her parents in the Turkish city of Harpoot. Her father, a prosperous merchant, was preparing to send her to the West to ...",5.9,963,,,,,2.0,2.0
tt0009893,La principessa delle ostriche,Die Austernprinzessin,1919,1920-05-03,Comedy,60,Germany,German,Ernst Lubitsch,"Hanns Kräly, Ernst Lubitsch",Projektions-AG Union (PAGU),"Victor Janson, Ossi Oswalda, Harry Liedtke, Julius Falkenstein, Max Kronert, Curt Bois",An American heiress seeks the hand of an impoverished German prince.,7.2,1631,,,,,19.0,23.0
tt0009894,El automóvil gris,El automóvil gris,1919,1919-12-11,"Action, Crime",223,Mexico,Spanish,Enrique Rosas,"Juan Manuel Cabrera, Miguel Necoechea",Azteca Films,"Joaquín Coss, Juan de Homs, Manuel de los Ríos, María Teresa Montoya, Dora Vila, Valentín Asperó, Juan Manuel Cabrera, Enrique Cantalaúba, Russo Conde, Ángel Esquivel, Francisco Ferriz, María Mercedes Ferriz, Miguel Ángel Ferriz, Ernesto Finance, Antonio Galé","A gang terrorizes Mexico City's high society on 1915. Murder, kidnaping and robbery are their trademarks. One police inspector (Cabrera) follows the gang crimes and eventually send them to ...",7.1,168,,,,,1.0,2.0
tt0009900,Il ritorno al paradiso terrestre,Back to God's Country,1919,1922,"Adventure, Romance, Western",73,Canada,,David Hartford,"James Oliver Curwood, James Oliver Curwood",Canadian Photoplays Ltd.,"Nell Shipman, Charles Arling, Wheeler Oakman, Wellington A. Playter","A woman finds herself all alone in a remote harbor with the man responsible for the murder of her father. With seemingly nobody around to protect her, she has to be resourceful.",6.3,857,$ 67000,,,,11.0,6.0
tt0009915,Behind the Door,Behind the Door,1919,1919-12-14,"Drama, Thriller, War",70,USA,English,Irvin Willat,"Gouverneur Morris, Luther Reed",Thomas H. Ince Corporation,"Hobart Bosworth, Jane Novak, Wallace Beery, James Gordon, Richard Wayne, J.P. Lockney, Gibson Gowland, Otto Hoffman",A German-American naval officer takes revenge against the German submarine commander who brutalized his wife.,7.1,165,,,,,5.0,7.0
tt0009937,Mariti ciechi,Blind Husbands,1919,1924-02-06,"Drama, Romance",99,USA,English,Erich von Stroheim,"Erich von Stroheim, Erich von Stroheim",Universal Film Manufacturing Company,"Sam De Grasse, Francelia Billington, Erich von Stroheim, Gibson Gowland, Fay Holderness, Ruby Kendrick, Valerie Germonprez, Jack Perrin, Richard Cummings, Louis Fitzroy, William De Vaull, Jack Mathis, Percy Challenger",An Austrian officer sets out to seduce a neglected young wife.,7.0,1325,$ 42000,,,,12.0,17.0
tt0009968,Giglio infranto,Broken Blossoms or The Yellow Man and the Girl,1919,1923-02-23,"Drama, Romance",90,USA,,D.W. Griffith,"Thomas Burke, D.W. Griffith",D.W. Griffith Productions,"Lillian Gish, Richard Barthelmess, Donald Crisp, Arthur Howard, Edward Peil Sr., George Beranger, Norman Selby","A frail waif, abused by her brutal boxer father in London's seedy Limehouse District, is befriended by a sensitive Chinese immigrant with tragic consequences.",7.3,9241,$ 88000,,,,89.0,78.0
tt0009976,The Busher,The Busher,1919,1919-05-18,"Drama, Sport",63,USA,English,Jerome Storm,"R. Cecil Smith, Earle Snell",Thomas H. Ince Corporation,"Charles Ray, Colleen Moore, John Gilbert, Jay Morley, Otto Hoffman",A young baseball pitcher in the bush leagues is discovered by a big-league manager and given his chance in the major leagues. But will he be up to the challenge?,5.7,631,,,,,13.0,4.0
tt0010040,Daddy-Long-Legs,Daddy-Long-Legs,1919,1919-05-11,"Comedy, Drama",85,USA,English,Marshall Neilan,"Jean Webster, Agnes Christine Johnston",Mary Pickford Company,"Mary Pickford, Milla Davenport, Percy Haswell, Fay Lemport, Mahlon Hamilton, Lillian Langdon, Betty Bouton, Audrey Chapman, Marshall Neilan, Carrie Clark Ward","An orphan discovers that she has an anonymous benefactor who is willing to pay her college tuition, unaware he's the same man who has been romantically pursuing her.",6.5,1306,,,,,20.0,11.0
tt0010060,The Delicious Little Devil,The Delicious Little Devil,1919,1919-05-01,"Comedy, Drama",63,USA,English,Robert Z. Leonard,"Harvey F. Thew, John B. Clymer",Universal Film Manufacturing Company,"Mae Murray, Richard Cummings, Harry L. Rattenberry, Edward Jobson, Rudolph Valentino, Bert Woodruff, Martha Mattox, William V. Mong, Ivor McFadden, Bertram Grassby, Alice Knowland, I.S. McVea's Band, Satchel McVea","A poor hat-check girl loses her job and is forced to get a job as a dancer at a roadhouse. There she falls in love with the son of a rich businessman. The boy's father, believing her to be ...",5.9,814,,,,,12.0,5.0
tt0010071,Don't Change Your Husband,Don't Change Your Husband,1919,1919-01-26,Comedy,71,USA,,Cecil B. DeMille,Jeanie Macpherson,Artcraft Pictures Corporation,"Elliott Dexter, Gloria Swanson, Lew Cody, Sylvia Ashton, Theodore Roberts, Julia Faye, James Neill, Ted Shawn","Leila Porter comes to dislike her husband James, a glue king who is always eating onions and looking sloppy. But after she divorces him and marries two-timing playboy Schuyler Van Sutphen the now-reformed James looks pretty good.",6.6,1122,,,,,21.0,6.0
tt0010103,Eyes of Youth,Eyes of Youth,1919,1919-11-30,Drama,78,USA,English,Albert Parker,"Max Marcin, Albert Parker",Harry Garson Productions,"Clara Kimball Young, Gareth Hughes, Pauline Starke, Sam Sothern, Edmund Lowe, Ralph Lewis, Milton Sills, Vincent Serrano, William Courtleigh, Norman Selby, Rudolph Valentino, Edward Kimball",A young woman at a crossroads is shown what her future would be like for each choice.,5.3,646,,,,,6.0,
tt0010137,"For Better, for Worse","For Better, for Worse",1919,1919-04-27,Drama,70,USA,English,Cecil B. DeMille,"Jeanie Macpherson, Edgar Selwyn",Famous Players-Lasky Corporation,"Elliott Dexter, Tom Forman, Gloria Swanson, Sylvia Ashton, Raymond Hatton, Theodore Roberts, Wanda Hawley, Winter Hall, Jack Holt, Fred Huntley","Dr. Edward Meade and friend Richard Burton both love Sylvia Norcross. Both enlist in the military, but Meade stays back to care for deformed children. Sylvia thinks him a coward and marries...",5.4,697,,,,,3.0,
tt0010162,Getting Mary Married,Getting Mary Married,1919,1919-04-19,Comedy,65,USA,English,Allan Dwan,"John Emerson, Anita Loos",Marion Davies Film Corporation,"Marion Davies, Norman Kerry, Matt Moore, Frederick Burton, Amelia Summerville, Constance Beaumar, Elmer Grandin, Helen Lindroth",A young woman must resist the charms of a handsome stranger and stay single if she wants to inherit a fortune.,6.5,203,,,,,4.0,
tt0010193,The Greatest Question,The Greatest Question,1919,1919-12-28,Drama,80,USA,English,D.W. Griffith,"William Hale, Stanner E.V. Taylor",First National Pictures,"Lillian Gish, Robert Harron, Ralph Graves, Eugenie Besserer, George Fawcett, Tom Wilson, George Nichols, Josephine Crowell, Katherine Albert","An orphan girl is given shelter by a farm family, but soon finds herself in the clutches of a murderous farmer and his wife.",5.8,671,,,,,11.0,1.0
tt0010195,The Grim Game,The Grim Game,1919,1919-10-12,"Adventure, Drama",71,USA,English,Irvin Willat,"Arthur B. Reeve, John Grey",Paramount Pictures,"Harry Houdini, Thomas Jefferson, Ann Forrest, Augustus Phillips, Tully Marshall, Arthur Hoyt, Mae Busch, Edward Martin, Jane Wolfe","Jailed unjustly for a murder he did not commit, a young man uses his amazing powers of escape to free himself and pursue the actual killers, who hold his fiancée captive.",6.8,254,$ 200000,,,,11.0,6.0
tt0010208,Harakiri,Harakiri,1919,1920-12-06,Drama,80,Germany,Dutch,Fritz Lang,"David Belasco, Max Jungk",Decla-Bioscop AG,"Paul Biensfeldt, Lil Dagover, Georg John, Meinhart Maur, Rudolf Lettinger, Erner Huebsch, Käte Küster, Niels Prien, Herta Heden, Loni Nest","The Buddhist priest wants the Daughter of the Daimyo to become a priestess at the Forbidden Garden. The Daimyo thinks if he were in Europe that his daughter should decide on her own, but he...",5.6,553,,,,,9.0,7.0
tt0010219,Hawthorne of the U.S.A.,Hawthorne of the U.S.A.,1919,1919-11-30,"Adventure, Comedy, Romance",57,USA,English,James Cruze,"James B. Fagan, Walter Woods",Paramount Pictures,"Wallace Reid, Lila Lee, Harrison Ford, Tully Marshall, Charles Ogle, Guy Oliver, Edwin Stevens, Clarence Burton, Theodore Roberts, Ruth Renick, Robert Brower, Frank Bonner",,3.9,368,,,,,2.0,1.0
tt0010227,Heart o' the Hills,Heart o' the Hills,1919,1919-11-30,"Drama, Romance",87,USA,English,"Joseph De Grasse, Sidney Franklin","John Fox Jr., Bernard McConville",Mary Pickford Company,"Mary Pickford, Harold Goodwin, Allan Sears, Fred Huntley, Claire McDowell, Sam De Grasse, W.H. Bainbridge, John Gilbert, Betty Bouton, Henry Hebert, Fred Warren",Family tensions in the Kentucky hills are inflamed by an outsider's dishonest scheme to exploit the area for its coal.,5.6,510,,,,,10.0,5.0
tt0010247,Il tesoro di Arne,Herr Arnes pengar,1919,1919-09-22,"Drama, History",122,Sweden,Swedish,Mauritz Stiller,"Selma Lagerlöf, Gustaf Molander",Svenska Biografteatern AB,"Erik Stocklassa, Bror Berger, Richard Lund, Axel Nilsson, Hjalmar Selander, Concordia Selander, Gösta Gustafson, Mary Johnson, Wanda Rothgardt, Stina Berg, Gustav Aronson, Jenny Öhrström Ebbesen","Three Scottish officers, including Sir Archi, murder Sir Arne and his household for a coffin filled with silver coins. The only survivor is Elsalill, who moves to relatives in Marstrand. ...",7.3,1176,,,,,9.0,15.0
tt0010267,The Hoodlum,The Hoodlum,1919,1919-08-31,Comedy,78,USA,English,Sidney Franklin,"Julie Mathilde Lippmann, Bernard McConville",Mary Pickford Company,"Mary Pickford, Ralph Lewis, Kenneth Harlan, T.D. Crittenden, Aggie Herring, Andrew Arbuckle, Max Davidson, Paul Mullen, Buddy Messinger","A spoiled young rich girl is forced by misfortune to fight for survival in the slums and alleys, where she becomes involved with all manner of unpleasantness.",6.7,929,,,,,10.0,4.0
tt0010281,Non vorrei essere un uomo,Ich möchte kein Mann sein,1918,1918-11-18,"Comedy, Romance",45,Germany,German,Ernst Lubitsch,"Hanns Kräly, Ernst Lubitsch",Projektions-AG Union (PAGU),"Ossi Oswalda, Curt Goetz, Ferry Sikla, Margarete Kupfer, Victor Janson","A teenaged tomboy, tired of being bossed around by her strict guardian, impersonates a man so she can have more fun, but discovers that being the opposite sex isn't as easy as she had hoped.",6.9,1230,,,,,16.0,15.0
tt0010298,Ingmarssönerna,Ingmarssönerna,1919,1919-01-01,Drama,207,Sweden,,Victor Sjöström,"Selma Lagerlöf, Victor Sjöström",,"Victor Sjöström, Harriet Bosse, Tore Svennberg, Hildur Carlberg, Hjalmar Peters, Svea Peters, Gustav Ranft, William Iwarsson, Wilhelm Högstedt, Harry Ahlin, Wiktor Bergendahl, Ernst Brunman, Artur Cederborgh, Gösta Gustafson, Ester Lundh",Lill-Ingmar is having a troublesome love life with his bride to be Brita.,6.9,100,,,,,2.0,2.0
tt0010307,Per la patria,J'accuse,1919,1919-04-25,"Drama, Horror, War",166,France,French,Abel Gance,Abel Gance,Pathé Frères,"Romuald Joubé, Maxime Desjardins, Séverin-Mars, Angèle Guys, Maryse Dauvray, Mancini, Elizabeth Nizan, Pierre Danis, Blaise Cendrars, Paul Duc","The story of two men, one married, the other the lover of the other's wife, who meet in the trenches of the First World War, and how their tale becomes a microcosm for the horrors of war.",7.7,1417,,,,,15.0,25.0
tt0010323,Il gabinetto del dottor Caligari,Das Cabinet des Dr. Caligari,1920,1920-02-27,"Fantasy, Horror, Mystery",76,Germany,German,Robert Wiene,"Carl Mayer, Hans Janowitz",Decla-Bioscop AG,"Werner Krauss, Conrad Veidt, Friedrich Feher, Lil Dagover, Hans Heinrich von Twardowski, Rudolf Lettinger","Hypnotist Dr. Caligari uses a somnambulist, Cesare, to commit murders.",8.1,55601,$ 18000,$ 8811,$ 8811,,237.0,160.0
tt0010418,Male and Female,Male and Female,1919,1919-11-23,"Adventure, Drama",116,USA,English,Cecil B. DeMille,"Jeanie Macpherson, J.M. Barrie",Paramount Pictures,"Thomas Meighan, Theodore Roberts, Raymond Hatton, Robert Cain, Gloria Swanson, Lila Lee, Bebe Daniels, Julia Faye, Rhy Darby, Mildred Reardon, Mayme Kelso, Edmund Burns, Henry Woodward, Sydney Deane, Wesley Barry","Lady Mary Lasenby is a spoiled maiden who always gets her way until shipwrecked with her butler, then learns which qualities are really admirable in a person.",7.0,1712,,,,,16.0,8.0
tt0010456,Meyer il berlinese,Meyer aus Berlin,1919,1919-01-17,Comedy,58,Germany,German,Ernst Lubitsch,"Hanns Kräly, Erich Schönfelder",Projektions-AG Union (PAGU),"Ernst Lubitsch, Ethel Orff, Heinz Landsmann, Trude Troll, Ossi Oswalda, Erich Schönfelder","A bumbling, self-indulgent husband goes on a vacation away from his wife. There he meets a popular, attractive young woman also on a vacation. Both go on a mountain climb which is going to be far from an ideal adventure.",6.0,172,,,,,3.0,
tt0010466,The Miracle Man,The Miracle Man,1919,1919-08-26,Drama,80,USA,English,George Loane Tucker,"George M. Cohan, Robert Hobart Davis",Mayflower Photoplay Company,"Lon Chaney, Betty Compson, Joseph J. Dowling, J.M. Dumont, Elinor Fair, Thomas Meighan, F.A. Turner, Lucille Hutton, Lawson Butt, Kisaburô Kurihara",A gang of crooks evade the police by moving their operations to a small town. There the gang's leader encounters a faith healer and uses him to scam gullible public of funds for a supposed ...,6.6,145,$ 120000,,,,5.0,6.0
tt0010484,The Mother and the Law,The Mother and the Law,1919,1919-08-18,Drama,95,USA,,D.W. Griffith,"D.W. Griffith, D.W. Griffith",D.W. Griffith Productions,"Mae Marsh, Robert Harron, Miriam Cooper, Vera Lewis, Sam De Grasse, Clyde E. Hopkins, F.A. Turner, Walter Long, Ralph Lewis, Tom Wilson, A.W. McClure, Lloyd Ingraham, William Brown, Max Davidson, Alberta Lee",A re-edited version of the 'modern' story from,6.9,166,,,,,3.0,1.0
tt0010559,Die Pest in Florenz,Die Pest in Florenz,1919,1919-10-23,"Drama, History, Horror",92,Germany,,Otto Rippert,"Fritz Lang, Edgar Allan Poe",Decla-Bioscop AG,"Theodor Becker, Karl Bernhard, Julietta Brandt, Erner Huebsch, Franz Knaak, Otto Mannstaedt, Auguste Prasch-Grevenberg, Marga von Kierska, Hans Walter, Anders Wikman","Suddenly appearing in Florence, an evil seductress causes Cesare, the city's ruler, and his son to both fall madly in love with her. The son, killing his father before an order to torture ...",6.3,137,,,,,2.0,3.0
tt0010598,Præsidenten,Præsidenten,1919,1920-02-09,Drama,75,Denmark,,Carl Theodor Dreyer,"Carl Theodor Dreyer, Karl Emil Franzos",Nordisk Film,"Richard Christensen, Christian Engelstoft, Hallander Helleman, Halvard Hoff, Jon Iversen, Jacoba Jessen, Betty Kirkeby, Carl Lauritzen, Axel Madsen, Carl Walther Meyer, Peter Nielsen, Fanny Petersen, Elith Pio, Olga Raphael-Linden","The judge in a Danish town sees his illegitimate daughter facing a trial for the murder of her newborn child, and is rather sure that she will be sentenced to death. She became pregnant ...",6.6,776,,,,,7.0,10.0
tt0010600,La bambola di carne,Die Puppe,1919,1920-04-06,"Comedy, Fantasy",66,Germany,,Ernst Lubitsch,"E.T.A. Hoffmann, Hanns Kräly",Projektions-AG Union (PAGU),"Max Kronert, Hermann Thimig, Victor Janson, Marga Köhler, Ossi Oswalda, Gerhard Ritterband, Jakob Tiedtke, Josefine Dora, Lapitski, Paul Morgan, Hedy Searle, Arthur Weinschenk","Forced into marriage by his uncle, a man decides to fool him by marrying a life-like mechanical doll instead.",7.4,1669,,,,,12.0,21.0
tt0010635,The Roaring Road,The Roaring Road,1919,1919-04-27,"Comedy, Drama, Sport",58,USA,English,James Cruze,"Byron Morgan, Marion Fairfax",Paramount Pictures,"Wallace Reid, Ann Little, Theodore Roberts, Guy Oliver, Clarence Geldart","A young man pursues a young lady with the same energy he applies to his other obsession in life, auto racing.",5.2,594,,,,,6.0,2.0
tt0010662,Scarlet Days,Scarlet Days,1919,1919-11-09,"Adventure, Romance, Western",77,USA,English,D.W. Griffith,Stanner E.V. Taylor,D.W. Griffith Productions,"Richard Barthelmess, Eugenie Besserer, Carol Dempster, Clarine Seymour, Ralph Graves, George Fawcett, Walter Long, Kate Bruce, Rhea Haines, Adolph Lestina, Herbert Sutch, J. Wesley Warner","A romantic bandit named Alvarez, wanted for raids on the mining camps of the California gold rush in 1849, is reformed by the love of a good woman.",4.9,420,,,,,5.0,
tt0010680,The Sentimental Bloke,The Sentimental Bloke,1919,2005,"Drama, Romance",106,Australia,English,Raymond Longford,"C.J. Dennis, Raymond Longford",Southern Cross Feature Film Company,"Arthur Tauchert, Lottie Lyell, Gilbert Emery, Stanley Robinson, Harry Young, Margaret Reid, Charles Keegan, William Coulter, Helen Fergus, C.J. Dennis",A down-at-heal ex-convict undergoes an epiphany as he experiences the love of a good woman for the first time.,6.3,237,,,,,11.0,10.0
tt0010726,"Il lago d'oro, ovvero I ragni","Die Spinnen, 1. Teil - Der Goldene See",1919,1922-11-13,"Adventure, Western",81,Germany,,Fritz Lang,Fritz Lang,Decla-Bioscop AG,"Carl de Vogt, Ressel Orla, Georg John, Lil Dagover, Paul Biensfeldt, Harry Frank, Gilda Langer","Kay Hoog finds a message that indicates that some Incas are still alive, but the secret organisation ""Die Spinnen"" wants the Incas' gold....",6.6,1051,,,,,12.0,22.0
tt0010755,Il canto del fiore rosso,Sången om den eldröda blomman,1919,1919-04-14,"Drama, Romance",145,Sweden,,Mauritz Stiller,"Tom Bret, Johannes Linnankoski",Svenska Biografteatern AB,"Lars Hanson, Greta Almroth, Lillebil Ibsen, Louise Fahlman, Axel Hultman, John Ekman, Hjalmar Peters, Edith Erastoff, Nils Lundell","Olof Koskela is the son of a rich farmer. He seduces young girls at random, until an inconsistent gesture rushes him away from home and his carefree lifestyle. Based on the 1905 novel by Finnish author Johannes Linnankoski.",6.9,157,SEK 180000,,,,2.0,1.0
tt0010806,Amore sulle labbra,True Heart Susie,1919,1919-06-01,"Comedy, Drama, Romance",87,USA,English,D.W. Griffith,Marian Fremont,D.W. Griffith Productions,"Lillian Gish, Robert Harron, Wilbur Higby, Loyola O'Connor, George Fawcett, Clarine Seymour, Kate Bruce, Carol Dempster, Raymond Cannon","Susie, a plain young country girl, secretly loves a neighbor boy, William. She believes in him and sacrifices much of her own happiness to promote his own ambitions, all without his ...",7.0,1599,,,,,49.0,9.0
tt0010821,Un affare misterioso,Unheimliche Geschichten,1919,1919-11-05,"Fantasy, Horror, Mystery",112,Germany,,Richard Oswald,"Anselma Heine, Robert Liebmann",Richard-Oswald-Produktion,"Anita Berber, Conrad Veidt, Reinhold Schünzel, Hugo Döblin, Paul Morgan, Georg John","A demon, a reaper, and the ghost of a prostitute read gothic short stories and act them out.",6.5,447,,,,,7.0,10.0
tt0010844,Victory,Victory,1919,1919-12-07,"Drama, Romance",62,USA,English,Maurice Tourneur,"Joseph Conrad, Jules Furthman",Maurice Tourneur Productions,"Jack Holt, Seena Owen, Wallace Beery, Ben Deeley, Lon Chaney, Bull Montana","Axel Heyst, an uncommitted wanderer, has settled on an island in the South Seas. He takes pity on a troubled young woman, Lena, and gives her refuge on her island. But the piratical Mr. ...",6.6,331,,,,,13.0,5.0
tt0010853,Wagon Tracks,Wagon Tracks,1919,1919-07-29,Western,64,USA,,Lambert Hillyer,"C. Gardner Sullivan, C. Gardner Sullivan",William S. Hart Productions,"William S. Hart, Jane Novak, Robert McKim, Lloyd Bacon, Leo Pierson, Bert Sprotte, Charles Arling","Buckskin Hamilton guides a wagon train across the wasteland, caring well for the pioneers he escorts, but hoping to solve the murder of his brother by one of the travellers.",6.7,152,,,,,7.0,5.0
tt0010879,Quando le nuvole volano via,When the Clouds Roll by,1919,1919-12-28,"Action, Comedy, Romance",85,USA,English,Victor Fleming,Thomas J. Geraghty,Douglas Fairbanks Pictures,"Douglas Fairbanks, Albert MacQuarrie, Kathleen Clifford, Frank Campeau, Ralph Lewis, Herbert Grimwood, Daisy Jefferson, Bull Montana, Victor Fleming, Thomas J. Geraghty, William C. McGann, Harris Thorpe",Psychiatrist Dr. Ulrich Metz attempts to drive Daniel Brown to suicide.,6.9,775,,,,,9.0,6.0
tt0010890,The Wicked Darling,The Wicked Darling,1919,1919-02-24,"Drama, Crime",59,USA,English,Tod Browning,"Evelyn Campbell, Harvey Gates",Universal Film Manufacturing Company,"Priscilla Dean, Wellington A. Playter, Lon Chaney, Spottiswoode Aitken, Gertrude Astor, Kalla Pasha","A slum girl is forced to steal for a living. After she swipes a rich society's matron's necklace, she hides out at the home of a man who turns out to be the socialite's former fiance.",6.4,337,,,,,9.0,3.0
tt0010925,Yankee Doodle in Berlin,Yankee Doodle in Berlin,1919,1919-03-02,Comedy,58,USA,English,F. Richard Jones,Mack Sennett,Mack Sennett Comedies,"Bothwell Browne, Ford Sterling, Malcolm St. Clair, Bert Roach, Eva Thatcher, Marie Prevost, Ben Turpin, Charles Murray, Chester Conklin, Heinie Conklin, Joseph Belmont","Behind enemy lines, Captain Bob White disguises himself as a woman in order to fool members of the German High Command, including the Kaiser himself.",5.5,722,,,,,6.0,2.0
tt0010953,Algol - Tragödie der Macht,Algol - Tragödie der Macht,1920,1921-11-07,"Fantasy, Sci-Fi",99,Germany,,Hans Werckmeister,"Hans Brennert, Friedel Köhne",Deutsche Lichtbild-Gesellschaft e.V. (DLG),"Emil Jannings, John Gottowt, Hans Adalbert Schlettow, Hanna Ralph, Erna Morena, Ernst Hofmann, Gertrude Welcker, Käthe Haack, Sebastian Droste",An alien from the planet Algol gives a man a device that gives him superpowers.,6.3,138,,,,,5.0,7.0
tt0010962,Anna Bolena,Anna Boleyn,1920,1921-04-04,"Biography, Drama, Romance",100,Germany,German,Ernst Lubitsch,"Norbert Falk, Hanns Kräly",Messters Projektion GmbH,"Henny Porten, Emil Jannings, Paul Hartmann, Ludwig Hartau, Aud Egede-Nissen, Hedwig Pauly-Winterstein, Hilde Müller, Maria Reisenhofer, Ferdinand von Alten, Adolf Klein, Paul Biensfeldt, Wilhelm Diegelmann, Friedrich Kühne, Karl Platen, Erling Hanson","The story of the ill-fated second wife of the English king Henry VIII, whose marriage to the Henry led to momentous political and religious turmoil in England.",6.6,576,,,,,14.0,13.0
tt0010964,April Folly,April Folly,1920,1920-03-21,"Drama, Crime",50,USA,English,Robert Z. Leonard,"Adrian Johnson, Cynthia Stockley",Marion Davies Film Corporation,"Marion Davies, Madeline Marshall, Hattie Delaro, Amelia Summerville, Conway Tearle, J. Herbert Frank, Warren Cook, Spencer Charters, Charles Peyton, Agnes Neilson","April Folly is a 1920 American silent drama film directed by Robert Z. Leonard and written by Adrian Johnson and Cynthia Stockley. The film stars Marion Davies, Madeline Marshall, Hattie ...",6.4,129,,,,,3.0,
tt0010969,L'atlantide,L'Atlantide,1921,1921-05-28,"Adventure, Fantasy, Mystery",136,"France, Belgium",French,Jacques Feyder,"Pierre Benoît, Jacques Feyder",International et Commercial de la Cinématographie (Thalman),"Jean Angelo, Stacia Napierkowska, Georges Melchior, Marie-Louise Iribe, Abd-el-Kader Ben Ali, Mohamed Ben Noui, Paul Franceschi, André Roanne, Genica Missirio, René Lorsay, Barbier, Chatelain, Émile Daltour, David, Fernand Ledoux","Two men, lost in the desert, meet Queen Antinea, ruler of Atlantis.",6.7,315,FRF 1800000,,,,5.0,10.0
tt0011000,Pagine dal libro di Satana,Blade af Satans bog,1920,1921-01-24,Drama,167,Denmark,,Carl Theodor Dreyer,"Edgar Høyer, Marie Corelli",Nordisk Film,"Helge Nissen, Halvard Hoff, Jacob Texiere, Hallander Helleman, Ebon Strandin, Johannes Meyer, Nalle Halden, Tenna Kraft, Viggo Wiehe, Emma Wiehe, Jeanne Tramcourt, Hugo Bruun, Elith Pio, Emil Helsengreen, Viggo Lindstrøm","In 4 episodic tales of human suffering; the temptation of Jesus, the Spanish Inquisition, the French Revolution and the Russo-Finnish war of 1918, Satan attempts to win God's favor.",6.7,1083,,,,,16.0,15.0
tt0011130,Dr. Jekyll e Mr. Hyde,Dr. Jekyll and Mr. Hyde,1920,1920-09-28,"Drama, Horror, Sci-Fi",69,USA,English,John S. Robertson,"Robert Louis Stevenson, Clara Beranger",Paramount Pictures,"John Barrymore, Brandon Hurst, Martha Mansfield, Charles Lane, Cecil Clovelly, Nita Naldi, Louis Wolheim","Dr. Henry Jekyll experiments with scientific means of revealing the hidden, dark side of man and releases a murderer from within himself.",7.0,4753,,,,,73.0,67.0
tt0011157,Erotikon,Erotikon,1920,1920-11-08,"Comedy, Romance",106,Sweden,Swedish,Mauritz Stiller,"Ferenc Herczeg, Gustaf Molander",Svensk Filmindustri (SF),"Anders de Wahl, Tora Teje, Karin Molander, Elin Lagergren, Lars Hanson, Vilhelm Bryde, Bell Hedqvist, Torsten Hammarén, Vilhelm Berndtson, Stina Berg, John Lindlöf, Greta Lindgren, Carl Wallin, Gucken Cederborg, Tora Wibergh","EROTIKON surely pushed the boundaries of what was acceptable on the screen in 1920: Irene, the bored wife of a distracted entomologist, pursues a womanizing aviator, but she may actually be...",6.6,717,,,,,12.0,10.0
tt0011173,Fante-Anne,Fante-Anne,1920,1920-09-11,"Crime, Drama, Romance",93,Norway,,Rasmus Breistein,"Rasmus Breistein, Kristofer Janson",,"Asta Nielsen, Einar Tveito, Johanne Bruhn, Lars Tvinde, Dagmar Myhrvold, Henny Skjønberg, Kristine Ullmo, Magnus Falkberget, Anders Skrede, Edvard Drabløs, Elsa Vang, Olaf Solberg, Øygard","The story of an orphaned girl brought up by the Storlein family. Young Anne (Asta Nielsen) is brought as an infant to the Storlein farm by her mother, who has been traveling and is in need ...",6.2,123,,,,,1.0,2.0
tt0011193,The Flapper,The Flapper,1920,1920-05-10,Comedy,88,USA,English,Alan Crosland,"Frances Marion, Frances Marion",Selznick Pictures Corporation,"Olive Thomas, Theodore Westman Jr., William P. Carleton, Warren Cook, Katherine Johnston, Arthur Housman, Louise Lindroth, Marcia Harris, Charles Craig, Bobby Connelly, Maurice Steuart","Ginger grows up in a slow town. Because of her wild attitude, her father decides to send her to a strict boarding school. Despite the strictness, the girls have fun getting into flapper lifestyle trouble including flirting.",6.6,291,,,,,12.0,4.0
tt0011217,Il cammino nella notte,Der Gang in die Nacht,1921,1921-08-08,Drama,81,"Germany, Denmark",German,F.W. Murnau,"Harriet Bloch, Carl Mayer",Goron Film,"Olaf Fønss, Erna Morena, Conrad Veidt, Gudrun Bruun Stephensen, Clementine Plessner","Dr Eigil Borne is engaged to Hélène, a girl who is madly in love with him. At Hélène's birthday celebration, Eigil invites her to a cabaret, where he meets his other love, Lily, a passionate, fiery and funny dancer.",6.4,308,,,,,4.0,6.0
tt0011221,Genuine,Genuine,1920,1921-12-12,Horror,88,Germany,German,Robert Wiene,Carl Mayer,Decla-Bioscop AG,"Fern Andra, Hans Heinrich von Twardowski, Ernst Gronau, Harald Paulsen, Albert Bennefeld, John Gottowt, Louis Brody","Extremely rare work of Robert Wiene. From the director and year of excellent ""The Cabinet of Dr. Caligari"" this work was eventually overshadowed by the success of Caligari. It has a dreamy atmosphere, like another world or something.",6.0,848,,,,,14.0,7.0
tt0011237,Il Golem - Come venne al mondo,"Der Golem, wie er in die Welt kam",1920,1924-05-26,"Fantasy, Horror",76,Germany,,"Carl Boese, Paul Wegener","Henrik Galeen, Paul Wegener",Projektions-AG Union (PAGU),"Paul Wegener, Albert Steinrück, Lyda Salmonova, Ernst Deutsch, Hans Stürm, Max Kronert, Otto Gebühr, Dore Paetzold, Lothar Müthel, Greta Schröder, Loni Nest","In 16th-century Prague, a rabbi creates the Golem - a giant creature made of clay. Using sorcery, he brings the creature to life in order to protect the Jews of Prague from persecution.",7.2,6577,,,,,51.0,49.0
tt0011267,Headin' Home,Headin' Home,1920,1920-09-19,"Biography, Comedy, Drama",71,USA,English,Lawrence C. Windom,"Arthur 'Bugs' Baer, Earle Browne",Kessel & Baumann,"Babe Ruth, Ruth Taylor, William Sheer, Margaret Seddon, Frances Victory, James A. Marcus, Ralf Harolde, Charles Byer, George Halpin, William J. Gross, Walter Lawrence, Ann Brody, Ricca Allen, Sammy Blum, Ethel Kerwin","The ""true story"" of baseball great Babe Ruth; Ruth plays himself.",5.1,260,,,,,11.0,7.0
tt0011294,L'Hirondelle et la Mésange,L'Hirondelle et la Mésange,1924,1924-06-05,Drama,80,France,French,André Antoine,"Henri Colpi, Gustave Grillet",Pathé Frères,"Maguy Deliac, Pierre Alcover, Louis Ravet, Jane Maylianes, Georges Denola","A bargeman, his wife and sister-in-law navigate the canals of northern Belgium in their two vessels, the eponymous ""L'Hirondelle et la Mésange,"" taking the time to appreciate the sites and ...",7.1,165,,,,,3.0,6.0
tt0011302,La giustizia del mare,L'homme du large,1920,1920-12-03,Drama,86,France,French,Marcel L'Herbier,"Marcel L'Herbier, Honoré de Balzac",Gaumont Série Pax,"Jaque Catelain, Roger Karl, Charles Boyer, Philippe Hériat, Marcelle Pradot, Claire Prélia, Claude Autant-Lara, Dimitri Dragomir, Suzanne Doris, Lili Samuel, Georges Forois, Pâquerette, Jeanne Bérangère, André Daven, Jane Dolys","Nolff, a tough Breton fisherman is happy: his wife has just given birth to a son, Michel. His only wish is to make him a fisherman like him. But when he becomes a man, Michel becomes a ...",6.9,187,,,,,3.0,3.0